nodes,rol
metadocencia,Comunidad
OpenlabEc,Comunidad
lacongaphysics,Comunidad
RedLibre_EC,Comunidad
pyladies_co,Comunidad
pyladiescbba,Comunidad
MxPyladies,Comunidad
conectorial,Comunidad
RLadiesCDMX,Comunidad
CabanaGcrf,Comunidad
FViaLibre,Comunidad
WBDSLA,Comunidad
lasdesistemas,Comunidad
RLadiesBA,Comunidad
RLadiesSantiago,Comunidad
ElGatoyLaCaja,Comunidad
ildalatam,Comunidad
karisma,Comunidad
RLadiesSaoPaulo,Comunidad
RLadiesRio,Comunidad
RLadiesLima,Comunidad
javirudolph,Seguidor
euge_lop,Seguidor
lucy_ces,Seguidor
dalcamilo,Seguidor
AdrianaRoveto,Seguidor
AlbertVilella,Seguidor
Juan_Bzt,Seguidor
AmeliaClark,Seguidor
camitamburrini,Seguidor
ixbalank,Seguidor
xrllera,Seguidor
MaNoMataz,Seguidor
karenga11903897,Seguidor
Anibal_Merida,Seguidor
FaggioliVale,Seguidor
InesLuisina,Seguidor
CuaxinqueFlores,Seguidor
PaucitaCC,Seguidor
nikoalain,Seguidor
BlueflyAbi,Seguidor
maxmaronna,Seguidor
elfpie,Seguidor
SCavanna,Seguidor
ivanvladimir,Seguidor
Altea_Lorenzo,Seguidor
LucianoStraccia,Seguidor
manugrcia_,Seguidor
ninadhora,Seguidor
rcamachotoro,Seguidor
Gdrive3Pmg,Seguidor
beluort19,Seguidor
lagarbanzos,Seguidor
ro_laguna_,Seguidor
FerrarelliM,Seguidor
Jefiner94,Seguidor
edmar_egidio,Seguidor
sndigregorio,Seguidor
leslysandra,Seguidor
gigglesinmyeyes,Seguidor
Viryass,Seguidor
raulencd,Seguidor
ivonnelujano,Seguidor
AnaJime_33,Seguidor
HebeDato,Seguidor
milischu,Seguidor
FedeGiovannetti,Seguidor
jpromanonet,Seguidor
Rebel__Rebell,Seguidor
kaiaaz,Seguidor
marvyn_inga,Seguidor
programatrans,Seguidor
emislej,Seguidor
vyancelibrarian,Seguidor
MaruMariana92,Seguidor
fauferre,Seguidor
vin_maracaja,Seguidor
IrmaNoemNo1,Seguidor
Daya_Aguiar,Seguidor
natayadev,Seguidor
Elthosian,Seguidor
AlexandraAA10,Seguidor
BarbaraGhiglio2,Seguidor
lucila_herbert,Seguidor
SLLDeC,Seguidor
julislsan,Seguidor
BreardMaru,Seguidor
AnabelCRH,Seguidor
fjguerrerob,Seguidor
dasilvacece,Seguidor
nicholdav,Seguidor
VelenPennini,Seguidor
AniiEncalada,Seguidor
mtenaespinoza,Seguidor
fernando__lopez,Seguidor
semiramis_cj,Seguidor
javiermsalgado,Seguidor
Leotellerfermi,Seguidor
NichaTuristica,Seguidor
jujumillan,Seguidor
nibras_issa,Seguidor
OGR_MX,Seguidor
datagenero,Seguidor
patryec32,Seguidor
EAdamolekun,Seguidor
Christian_Ar6,Seguidor
rayelz,Seguidor
r_tipss,Seguidor
fhidalgoabdala,Seguidor
SapienzaFacu,Seguidor
xmnlab,Seguidor
MakerTobey,Seguidor
Honoluluskye,Seguidor
SelFdz,Seguidor
luuuu_g94,Seguidor
benteveolab,Seguidor
Pama240519,Seguidor
LeoArceG,Seguidor
ferbratti,Seguidor
reroes,Seguidor
KatyaSoler,Seguidor
idd_lac,Seguidor
Julieta53259457,Seguidor
andrespiazza,Seguidor
romeroreimer,Seguidor
lucia_margara,Seguidor
murrayfield17,Seguidor
ciecti,Seguidor
amol3ch,Seguidor
rladiesgps,Seguidor
cmodenutti,Seguidor
FrancoSalluco,Seguidor
AncefnA,Seguidor
bonelloide,Seguidor
Naguel_del_17,Seguidor
lulisimaaa,Seguidor
PIPI420KLOKPASA,Seguidor
Sabrineiitor,Seguidor
RevistaCDyT,Seguidor
Malenaerrico3,Seguidor
SbgUnq,Seguidor
daniel_ec18,Seguidor
natcorvalan,Seguidor
JaviMorenoOK,Seguidor
LissurOrsine,Seguidor
robayo_dev,Seguidor
marcelovera_sci,Seguidor
npalacios_18,Seguidor
ninio_buede,Seguidor
Paz_M,Seguidor
PazByC,Seguidor
lauradaiana,Seguidor
e13du,Seguidor
ssotelo001,Seguidor
Hossain46969127,Seguidor
Julieta_Levite,Seguidor
alvazo16,Seguidor
VladimiroTo,Seguidor
endogenomiks,Seguidor
ale_mirandac,Seguidor
Bentenopala,Seguidor
Sissi_L80,Seguidor
cui_yushan,Seguidor
aborges_alex,Seguidor
macavalenzuela,Seguidor
RLadiesCuerna,Seguidor
javjavi5,Seguidor
iamsnmcnn,Seguidor
Tina_Godoy,Seguidor
GedOmbra,Seguidor
chadwyck242,Seguidor
naielisha,Seguidor
emymantilla,Seguidor
dbellomo,Seguidor
sibidegaudio,Seguidor
BlancaEPA,Seguidor
fernandar_avila,Seguidor
RLadiesMza,Seguidor
alevy59,Seguidor
Udinge,Seguidor
gabflrs,Seguidor
NoeStetie,Seguidor
alabasti1,Seguidor
jolgopa,Seguidor
barbaragallar2,Seguidor
cqueiruga,Seguidor
polioptila_sp,Seguidor
irisfz,Seguidor
RUCO0713,Seguidor
ChecoPR_,Seguidor
viri_glezmo,Seguidor
BeluTicona,Seguidor
vsiless,Seguidor
PdeRoca,Seguidor
EduardoH13_,Seguidor
JasonWilliamsNY,Seguidor
LuisDVerde,Seguidor
julielffman,Seguidor
DanielaRodC,Seguidor
CorreaSantosRA,Seguidor
SAPPIENS_PE,Seguidor
gaston9227,Seguidor
DELTASOLUCIONES,Seguidor
carohadad,Seguidor
NatyRiquelmeS,Seguidor
RSGArgentina,Seguidor
mballasia,Seguidor
DiegoEula,Seguidor
FlorenciaEnghel,Seguidor
clarimise,Seguidor
florsain,Seguidor
rosaquintana,Seguidor
lic_86,Seguidor
cris_ale84,Seguidor
yaninasica,Seguidor
LauraTMares,Seguidor
gabifleitas24,Seguidor
marsemmm,Seguidor
marieladediego_,Seguidor
vmonterob,Seguidor
VillasanaYanet,Seguidor
fiolyn23,Seguidor
GeomarPerales,Seguidor
RoMakioka,Seguidor
juli_gam2020,Seguidor
Antimaravilla,Seguidor
alfreisasmendiz,Seguidor
Martin_I_Torres,Seguidor
Alejand37799413,Seguidor
mmercedesmar,Seguidor
OpenHeroines,Seguidor
mariaasolf,Seguidor
Valenti62574822,Seguidor
GabrielaOjcius,Seguidor
HOaxacaDiana,Seguidor
maleneando,Seguidor
CarolinaJBlanco,Seguidor
eulitosstat,Seguidor
gLaterza_arg,Seguidor
JCMolinaHafford,Seguidor
yanymee,Seguidor
lotero_laura,Seguidor
NellyJazmin14,Seguidor
LuisTatLav,Seguidor
mlferna2gmailc1,Seguidor
SoriaDayra,Seguidor
PPame03,Seguidor
tropicalydarks,Seguidor
soltovar,Seguidor
DiegoSevillaB,Seguidor
couut,Seguidor
Guchi2323,Seguidor
ledell,Seguidor
AIinclusive,Seguidor
ezegrenat,Seguidor
ARenzoCaceresR,Seguidor
rdv_chio,Seguidor
carlosgim,Seguidor
nachoher93,Seguidor
MGarciaCarrillo,Seguidor
AnabelPaoletta,Seguidor
VRobano,Seguidor
dcaballol,Seguidor
dtrajtem,Seguidor
MartinHabif,Seguidor
underwater_pea,Seguidor
lgiselebock,Seguidor
davidson_vila,Seguidor
tiidadavena,Seguidor
jaquelillo,Seguidor
alunizaje,Seguidor
Paulo_CassJr,Seguidor
rzine_shs,Seguidor
elpidiofilho,Seguidor
RameezA86349501,Seguidor
AdrinVald2,Seguidor
RLadies_Sonora,Seguidor
lorenae_uy,Seguidor
soniaebenitezok,Seguidor
sayalaruano,Seguidor
FlorGarciaGP,Seguidor
mccruz07,Seguidor
arphai_arg,Seguidor
Catymunozg,Seguidor
AndreVargasAgu1,Seguidor
MariaGu1892,Seguidor
ResearchSoft,Seguidor
PacMaori,Seguidor
dgrajalesg,Seguidor
CARLITIOX,Seguidor
chrisballejo,Seguidor
abraneet,Seguidor
PatoPantaleo,Seguidor
ccordoba12,Seguidor
CeciliaMPatino,Seguidor
gilvardperez,Seguidor
ScipyLA,Seguidor
emmy_ft,Seguidor
alejo_coca,Seguidor
goanpeca,Seguidor
wfvillar,Seguidor
Monsauce,Seguidor
crochetitties,Seguidor
Danieduardo_CH,Seguidor
betsy_ar,Seguidor
FacundoBPiloni,Seguidor
nkherzog,Seguidor
JuSantos7,Seguidor
Carlalpf91,Seguidor
AnaAce5,Seguidor
melissablck,Seguidor
Leonela44642008,Seguidor
magira011,Seguidor
Paula_Zacarias,Seguidor
GerbaudoMagui,Seguidor
AngelDelPalo,Seguidor
SamiVaccari,Seguidor
Valeria_RamCas,Seguidor
inespatop,Seguidor
lu_cred,Seguidor
lolocrnl,Seguidor
meshune1,Seguidor
drboscaglia,Seguidor
dannrosam,Seguidor
kalilamali,Seguidor
MariaEche6,Seguidor
t3rodrig,Seguidor
NubiaCM,Seguidor
EvaOArceo,Seguidor
valink,Seguidor
Kolocho,Seguidor
BraulioArt23,Seguidor
dev_aguero,Seguidor
ebianchi,Seguidor
lpmor22,Seguidor
karbartolome,Seguidor
solnavss,Seguidor
dianolasa,Seguidor
ramaol,Seguidor
gimenadelr,Seguidor
larysar,Seguidor
_gerardo_d,Seguidor
Zuri_AgudeloG,Seguidor
artsociology,Seguidor
RLadies_rciacte,Seguidor
LenninFL,Seguidor
maruporfiri,Seguidor
VanEdCaceres,Seguidor
RConsortium,Seguidor
victorhugomalav,Seguidor
melschamb,Seguidor
helen0ir,Seguidor
NeaRenel,Seguidor
Mike_SalinasM,Seguidor
amesassy,Seguidor
MrBossParker,Seguidor
PeppagomeZ,Seguidor
MaiaNahmod,Seguidor
OrnelaServin,Seguidor
acostadighero,Seguidor
lcoitino,Seguidor
Sicabi,Seguidor
NapanRoland,Seguidor
LorenzoAngelita,Seguidor
geomicrobio,Seguidor
turingway,Seguidor
HomulillyonFire,Seguidor
aspvz,Seguidor
floe___,Seguidor
drenoviana,Seguidor
vlasvlasvlas,Seguidor
AlfredoGarbuno,Seguidor
Chazkon,Seguidor
josesgermain,Seguidor
jupanago,Seguidor
Elsa_qr,Seguidor
IBermei,Seguidor
jddavilac,Seguidor
yinaniy,Seguidor
Al62470918,Seguidor
Meryloli,Seguidor
florenciarosasm,Seguidor
glauberfbarreto,Seguidor
coniwitschi,Seguidor
ireneabadie,Seguidor
Ejuarez_cpol,Seguidor
slobodobo,Seguidor
MortaraSara,Seguidor
cespinozac17,Seguidor
Fco68999531,Seguidor
lorecamo,Seguidor
tatimv_,Seguidor
necronautaa,Seguidor
Elyn1017,Seguidor
ozan_cristian,Seguidor
gustavofette,Seguidor
grabthsup,Seguidor
aenrique57,Seguidor
alexysjan,Seguidor
RiveraDerrick,Seguidor
OluwaseyiOlawa5,Seguidor
napellus,Seguidor
akramhernandez,Seguidor
donlenin,Seguidor
LaRateza,Seguidor
brien_bren,Seguidor
analizandodatos,Seguidor
marainita,Seguidor
GiseAbru,Seguidor
bycarlosmr,Seguidor
rtleyb,Seguidor
maurodaniell,Seguidor
CesarAGL93,Seguidor
micazapata_ok,Seguidor
MonicaLA2000,Seguidor
OKFN,Seguidor
MarinaLuciaMon1,Seguidor
chain_alejandro,Seguidor
clementina_SHCL,Seguidor
mounaa_belaid,Seguidor
ParagisPaula,Seguidor
AnaLauraLlanes,Seguidor
PedroRochaSa,Seguidor
englianhu,Seguidor
eduu_rubilar,Seguidor
pepediaz_m,Seguidor
gisordie,Seguidor
Ana_CMontanez,Seguidor
AlejPocoroba,Seguidor
sanlhz,Seguidor
gavg712,Seguidor
Ainari05,Seguidor
Lucy_Coria,Seguidor
loremipsum4455,Seguidor
hazteunanave,Seguidor
Mi_Umana,Seguidor
MitchellLazaroD,Seguidor
lindajzmin,Seguidor
serena_mayra,Seguidor
nousominombre,Seguidor
ValeriaTorresEc,Seguidor
CientificasEC,Seguidor
illakzapata,Seguidor
noeliatete,Seguidor
RRuoppulo,Seguidor
definit_self,Seguidor
DenScu,Seguidor
BDBarboza,Seguidor
pescedifiume,Seguidor
JessikRojasMora,Seguidor
LibrE5030,Seguidor
withejero1,Seguidor
ChuckleScience,Seguidor
fedeunder,Seguidor
iscb_scs,Seguidor
Pamm_Santana,Seguidor
Viniciu20557321,Seguidor
ModelamientoC,Seguidor
saryace,Seguidor
arantxieortega,Seguidor
Bioinfo_Peru,Seguidor
cschiff91,Seguidor
alex_doblevv,Seguidor
sealand_de,Seguidor
ffenijer,Seguidor
Paul_Paredes,Seguidor
airinishbelflor,Seguidor
DaniTriador,Seguidor
criistii0,Seguidor
monotypebug,Seguidor
DogGeneticsLLC,Seguidor
hommemoyenmx,Seguidor
andresther_,Seguidor
QolorezG,Seguidor
MandyViesi,Seguidor
rojomarina,Seguidor
rusty_maps,Seguidor
GabiCordon0912,Seguidor
ngaggion,Seguidor
juanmaitach,Seguidor
ale84_cris,Seguidor
AlexBajaa5,Seguidor
yramyc,Seguidor
canicamxli,Seguidor
gabyalethea,Seguidor
mavgreco,Seguidor
efacundoargana,Seguidor
LatinR_Conf,Seguidor
RLadiesLaPaz,Seguidor
JorgeCrisosto16,Seguidor
pablo_albertus,Seguidor
cristianvaldez5,Seguidor
SERM06,Seguidor
AndresEslava,Seguidor
FranEcoVet,Seguidor
leo4luffy,Seguidor
sporella,Seguidor
BenitesAngella,Seguidor
howdosomestuff,Seguidor
SLeiva_,Seguidor
IsmaelLCalandri,Seguidor
guidipat,Seguidor
WalterG07324709,Seguidor
nieslamiel,Seguidor
tomi236,Seguidor
mareubu,Seguidor
agusquei,Seguidor
Romperez2,Seguidor
waltsan22,Seguidor
feministsauvage,Seguidor
dianasai,Seguidor
juangjuara,Seguidor
ropriegue,Seguidor
efemoujan,Seguidor
Apu_Spring,Seguidor
jatuiringa,Seguidor
JohaFrau,Seguidor
kardaver2,Seguidor
llbaker1707,Seguidor
DataUmbrella,Seguidor
mebordone,Seguidor
fragolablauw,Seguidor
maruglobina,Seguidor
erickhtoledo,Seguidor
nerdearla,Seguidor
calcita3,Seguidor
pamepairo,Seguidor
NatsuSh,Seguidor
CaleroAnalia,Seguidor
EugeBernas,Seguidor
ErickNavDel,Seguidor
openlifesci,Seguidor
daniballari,Seguidor
ver727,Seguidor
gontomk,Seguidor
dianalopez430,Seguidor
_aguscerri,Seguidor
lucilaserra,Seguidor
ernestomirt,Seguidor
ni_airo,Seguidor
rocio_mariav,Seguidor
gonzaloLadoA,Seguidor
yanethmilena,Seguidor
alfredojosec,Seguidor
SolmarVarela,Seguidor
sbriara,Seguidor
danibajano,Seguidor
SixtoLamillaRiv,Seguidor
sofie_vdbos,Seguidor
ruthy_root,Seguidor
ludelaire_,Seguidor
francisko_r,Seguidor
printelu,Seguidor
nah_omy,Seguidor
YURYGONZLEZ3,Seguidor
mafer_c_r,Seguidor
IDuymovich,Seguidor
ilan2884,Seguidor
SandiBarza,Seguidor
defaultuser1231,Seguidor
Juancib1,Seguidor
shume100,Seguidor
gabyplantbio,Seguidor
familiasx,Seguidor
mxrtinez,Seguidor
ashnagoma,Seguidor
BE_bilingue,Seguidor
alanponcerod,Seguidor
Monirack1,Seguidor
JavieraRiffoTo1,Seguidor
pattycabero,Seguidor
BeeaJardim,Seguidor
EmilianoS2016,Seguidor
capigol,Seguidor
edutoleraymondi,Seguidor
ideasrapidas,Seguidor
epidatalearner,Seguidor
LauCePe,Seguidor
ClaudianoNeto,Seguidor
ChaviPalavecino,Seguidor
lalagika,Seguidor
Diego_Armas_T,Seguidor
ADgutmicrobrain,Seguidor
edripa,Seguidor
ccocky5,Seguidor
BlancaNScor,Seguidor
datos_iDea,Seguidor
bp_aaron,Seguidor
plaza_chica,Seguidor
ogianatiempo,Seguidor
ErickCuevasF,Seguidor
marceelrf,Seguidor
lroca25,Seguidor
5treboles76,Seguidor
pheymanss,Seguidor
RominaM45290473,Seguidor
letyrodri,Seguidor
jorellanalvear,Seguidor
aleants,Seguidor
alexisalvear,Seguidor
msariasmartinez,Seguidor
retaoliveira,Seguidor
wayra_chaki,Seguidor
mjosefv,Seguidor
linacamacholuci,Seguidor
pdrza,Seguidor
Camila_2099,Seguidor
orne_calcagno,Seguidor
maxwelco,Seguidor
pablogaitan,Seguidor
SilviaScime,Seguidor
posit_pbc,Seguidor
FERNANDOESCOBA6,Seguidor
afonso_energy,Seguidor
carchirinos,Seguidor
RaquelArcos6,Seguidor
franbelent,Seguidor
Nati_delparque,Seguidor
nachito__o,Seguidor
fiorenzavassall,Seguidor
comerdeparado,Seguidor
beabusaniche,Seguidor
J_Antonio_Baeza,Seguidor
ferbinder,Seguidor
ana_caprile,Seguidor
RHablamos,Seguidor
k_alle_va,Seguidor
SalinasSilvy,Seguidor
RLadiesGDL,Seguidor
Sofia_Oddi,Seguidor
rmcerino,Seguidor
AgustinaaMolina,Seguidor
usernamemateo,Seguidor
arthurstats_,Seguidor
SantiagoLator,Seguidor
manuelcarrerat,Seguidor
edelponte,Seguidor
tomecicuta,Seguidor
renan_ec,Seguidor
lalauritasz,Seguidor
laextrania,Seguidor
carogilposse,Seguidor
roxanarod0,Seguidor
Cualva,Seguidor
Sage_22_,Seguidor
luucamay_,Seguidor
CriscelyLP,Seguidor
NagataShigueru,Seguidor
CristopherA98,Seguidor
IscbLascs,Seguidor
c0nurb4no,Seguidor
fperez_org,Seguidor
willshDev,Seguidor
Yudi10359799,Seguidor
Enchu,Seguidor
Unn_frid,Seguidor
Ojasving,Seguidor
YerkanKuran,Seguidor
OMDataScience,Seguidor
jorgesandesuy,Seguidor
CarlosFVasquezG,Seguidor
forlinolara,Seguidor
AlfaroDev,Seguidor
rscnt,Seguidor
arturoza_05,Seguidor
CamilaRangelS,Seguidor
wilantgomari,Seguidor
_brandonth,Seguidor
CelinaPorta,Seguidor
Vercingetronix,Seguidor
TJPLA,Seguidor
OPadini,Seguidor
rpucheq,Seguidor
migmaffei,Seguidor
pok_sol,Seguidor
JuanInhamagua,Seguidor
mindthemicro,Seguidor
sanzalan_,Seguidor
GProtonBeam,Seguidor
Poklepovich,Seguidor
Cascade21,Seguidor
LoliBocelo,Seguidor
JuanCamiloP118,Seguidor
RmB_ARG,Seguidor
233211t,Seguidor
pereiramariano,Seguidor
TnaniHedia,Seguidor
cattaneo_eli,Seguidor
MorenoToledo,Seguidor
ciena_nz,Seguidor
nelania,Seguidor
ronsnzl,Seguidor
julyreza,Seguidor
OpenCIDER,Seguidor
_msquiroga,Seguidor
yoyehudi,Seguidor
andreavargasmon,Seguidor
yalahowy,Seguidor
irynakuchma,Seguidor
Alfredo_1976,Seguidor
Gersito_,Seguidor
club_rrhh,Seguidor
MiguelSieck,Seguidor
Eva23545735,Seguidor
lamonidel,Seguidor
polioneto,Seguidor
micaelamolinat,Seguidor
Lpericena,Seguidor
VaniBongiorno,Seguidor
MarSassoF,Seguidor
MaRosa_Morales,Seguidor
junqueiragaabi,Seguidor
zwyciestwu,Seguidor
simajena,Seguidor
tustovsky,Seguidor
da_ctalamilla,Seguidor
layitx,Seguidor
mvickm_,Seguidor
Data_Science_IA,Seguidor
by_Yhons,Seguidor
yanelpaulette,Seguidor
aguscasafuz,Seguidor
ElPJM23,Seguidor
vazquezbrust,Seguidor
ViQu20,Seguidor
marie_curiee15,Seguidor
laurak06,Seguidor
Nikytux,Seguidor
florsol123,Seguidor
nicolaszara,Seguidor
OtraLoli,Seguidor
mofarg,Seguidor
LuchoBuchanan,Seguidor
Naylys,Seguidor
sadkmbo,Seguidor
santiagombv1,Seguidor
MickyRozen,Seguidor
Robertojrabello,Seguidor
silvinaglew,Seguidor
Trip20202020,Seguidor
fgutierrez__,Seguidor
MileParamo,Seguidor
tete_cvc,Seguidor
NatFloresARG,Seguidor
Jesik_Tapia,Seguidor
RLadiesTalca,Seguidor
AmableMoreno,Seguidor
MiliChaco1,Seguidor
awilsonm,Seguidor
irvin_psb,Seguidor
IngridStarfish,Seguidor
Maria_Lavate,Seguidor
JorgeArgueta,Seguidor
marianah2016,Seguidor
JesiFormoso,Seguidor
PatriciaColemus,Seguidor
MalvikaSharan,Seguidor
JuanPDAmato,Seguidor
PrisWen1,Seguidor
omm_omm2301,Seguidor
npedre,Seguidor
SantiagoChocon,Seguidor
DermitMaria,Seguidor
blacahin,Seguidor
Rfafaello,Seguidor
CBioinformatica,Seguidor
mairym0628,Seguidor
dbermudez91,Seguidor
julioc_floresc,Seguidor
bjseamane,Seguidor
alecksCueva,Seguidor
simples_datos,Seguidor
DanielRWitte,Seguidor
Elateneoac,Seguidor
whoyos21,Seguidor
Letyludigital,Seguidor
MVCompagnucci,Seguidor
tacosdedatos,Seguidor
andresrin89,Seguidor
AnitaRui2,Seguidor
segasi,Seguidor
EncriptedU,Seguidor
Salvador_Av,Seguidor
Brainiac842,Seguidor
Stipa_ichu,Seguidor
Rafaella_MonTap,Seguidor
naikiog,Seguidor
Idalia_R0jas,Seguidor
dhumbertoj,Seguidor
danielhromero,Seguidor
HI_Calderon,Seguidor
KalElSkywalker,Seguidor
kitkatdematcha,Seguidor
aniuxa,Seguidor
ericajaque,Seguidor
cvfilippi,Seguidor
guadarramacc,Seguidor
m_mirianga,Seguidor
DiegoOnna,Seguidor
ANejamis,Seguidor
olguita_aqui_no,Seguidor
belquiere,Seguidor
clauwmath,Seguidor
jmusmarra,Seguidor
FlorGrandeRatti,Seguidor
fersilvagoy1,Seguidor
AleMedinaRivera,Seguidor
porqueta_,Seguidor
Daniela69426387,Seguidor
lularaj,Seguidor
morella45,Seguidor
LIBDrstats,Seguidor
CDSBMexico,Seguidor
jades77777,Seguidor
NachoToledoR,Seguidor
giacommetta,Seguidor
KrMadeleine,Seguidor
cheshireminima,Seguidor
ClariNicole,Seguidor
Flor_trabichet,Seguidor
VaninaWinnik,Seguidor
restevesd,Seguidor
antodimenna,Seguidor
SomosCodear,Seguidor
FuentesLorcaLis,Seguidor
natu_agui,Seguidor
raminaturalista,Seguidor
AnaJuliaVelezR1,Seguidor
mauro_lepore,Seguidor
_Caraboy,Seguidor
AsetPame,Seguidor
mirsuuuu,Seguidor
faculuna___,Seguidor
santisantoandre,Seguidor
MarianoAizpurua,Seguidor
JuveBrenda,Seguidor
Janis_al,Seguidor
PehuajoSistemas,Seguidor
lalicatelen,Seguidor
FelipeSanchezB,Seguidor
VA_GarciaAlonso,Seguidor
fridayforrest,Seguidor
CarloRock,Seguidor
Romipendinok,Seguidor
rocio_joo,Seguidor
anidepascale,Seguidor
JoseChappuis,Seguidor
aitor_porcel,Seguidor
ferculell,Seguidor
RickyGaite,Seguidor
Yamilevi2,Seguidor
REDBIOArgentina,Seguidor
BuzziMariana,Seguidor
Ichisa5,Seguidor
juanchochem,Seguidor
nay_solange,Seguidor
marturadice,Seguidor
Juli_Miranda_,Seguidor
FrasierIleana,Seguidor
niboe_,Seguidor
mregueiro2003,Seguidor
Emilian60536904,Seguidor
Lucy_APS,Seguidor
Loco_Arg,Seguidor
Hilda_Zam,Seguidor
josue_ma_,Seguidor
emiromero_14,Seguidor
k8hert,Seguidor
ValeriaRoman,Seguidor
d4tagirl,Seguidor
SueMcclatchy,Seguidor
MaguiSanDia,Seguidor
IonatanPerez,Seguidor
cesar_avila70,Seguidor
brevescomofotos,Seguidor
MaineFariello,Seguidor
FelicsMarcial,Seguidor
toninifer,Seguidor
EscuelaDeDatos,Seguidor
ambar__,Seguidor
NatyCorreaLista,Seguidor
Gatorco_AP,Seguidor
ADChP,Seguidor
caroltrogliero,Seguidor
gusfraba00,Seguidor
ycuestaastroz,Seguidor
quecrees,Seguidor
camonterde,Seguidor
SoleSalasMeT,Seguidor
xhardez,Seguidor
DanaHirsch10,Seguidor
Jablopez,Seguidor
caromengo,Seguidor
BerensteinDiego,Seguidor
Diego_Koz,Seguidor
YkSosaP,Seguidor
OtterPeruvian,Seguidor
villca_villegas,Seguidor
gastonbecerra,Seguidor
aT0le,Seguidor
DaiDuar,Seguidor
BeaMilz,Seguidor
KrapoJuli,Seguidor
renteriasacha,Seguidor
_EvaRr,Seguidor
mariu_legui,Seguidor
CaroSamanta,Seguidor
lorelaffitte,Seguidor
CotiRodriguez,Seguidor
Nat_Mora_,Seguidor
anadebattista,Seguidor
Aguchosolano,Seguidor
GabySandovalM,Seguidor
LucianaBenotti,Seguidor
rosarioespain,Seguidor
Recursivamente,Seguidor
ProfTechMatic,Seguidor
brianmsm,Seguidor
ehealthsugus,Seguidor
SasaHummingbird,Seguidor
RosanaFerrero,Seguidor
samuelgnz_,Seguidor
MarianelSarabia,Seguidor
Gerkandar,Seguidor
natigattinoni,Seguidor
_Ly0,Seguidor
veritoctoc,Seguidor
Fedwr,Seguidor
pabort,Seguidor
virbrussa,Seguidor
javendaXtw,Seguidor
santos_protones,Seguidor
SindiaSherlyT,Seguidor
alesitoide,Seguidor
Erika_S_S_2,Seguidor
orchid00,Seguidor
SanchezTapiaA,Seguidor
juliesquid,Seguidor
JO5_3,Seguidor
sergiogarciamor,Seguidor
GabiNicosia,Seguidor
patriloto,Seguidor
AnglicaRomn2,Seguidor
Lidefi87,Seguidor
2020Indicadores,Seguidor
agusnieto77,Seguidor
vosycuantosmarx,Seguidor
soledad_cavallo,Seguidor
me_andre,Seguidor
RaulGalindez,Seguidor
r0mymendez,Seguidor
bynans1,Seguidor
marinaenba,Seguidor
NPalopoli,Seguidor
Zjbb,Seguidor
pabblo_h,Seguidor
Vanesa_MF77,Seguidor
AlejaBellini,Seguidor
mariela_rajng,Seguidor
yabellini,Seguidor
palolili23,Seguidor
Argentina1985gm,Seguidor
pmnatural,Seguidor
_lacion_,Seguidor
RLadiesGye,Seguidor
data_datum,Seguidor
_DaniPrina_,Seguidor
gazambrano17,Seguidor
onlyoffice_br,Seguidor
Dannreyes,Seguidor
desdewingu,Seguidor
filustaquis1123,Seguidor
tam_u_,Seguidor
DraElizthPauker,Seguidor
AnaPatyCardoso,Seguidor
maraxe_,Seguidor
patadeperro,Seguidor
cibercamilista,Seguidor
fiver38,Seguidor
jovisual,Seguidor
anagri_e,Seguidor
PabloCarrilloG,Seguidor
elgabo82ec,Seguidor
jossieatg,Seguidor
pedrito1414,Seguidor
dodcraft,Seguidor
bercovici,Seguidor
aguito1877,Seguidor
vicuw_,Seguidor
vcelim,Seguidor
jrociopereira,Seguidor
CientificasPUCE,Seguidor
Raseconomics,Seguidor
MClaraZea,Seguidor
la_nash_noriega,Seguidor
uriel_99,Seguidor
PazmayHelen,Seguidor
malenalopzreyes,Seguidor
jan2m,Seguidor
Constanzagovel,Seguidor
denisse_erre,Seguidor
caroely0516,Seguidor
tatipmdefreitas,Seguidor
flor_deloto,Seguidor
unmarecito,Seguidor
alexa_jeressi,Seguidor
Ktiburcioj,Seguidor
BenyGeo,Seguidor
MaricarmenNava,Seguidor
casandrasur,Seguidor
solsilvanazb,Seguidor
KarinaEscribe,Seguidor
fide_ap,Seguidor
vane2003,Seguidor
folkhemmeth,Seguidor
Ale_Aguinaga,Seguidor
crisalpuche,Seguidor
inguibona,Seguidor
Anahiberenice2,Seguidor
ym_uaemex,Seguidor
ICarolinaDuque,Seguidor
ivahnovagc,Seguidor
PrestameUnSol,Seguidor
natakrog,Seguidor
InternetBo_org,Seguidor
ConexionEduEC,Seguidor
marialab_org,Seguidor
_moni_cc,Seguidor
JePeEc,Seguidor
em22en,Seguidor
adritrotska,Seguidor
EspanolNym,Seguidor
mspunk87,Seguidor
franxav79,Seguidor
Patoosu,Seguidor
Carloslunna,Seguidor
clopezcorrea2,Seguidor
Juanmanuel_081,Seguidor
melissa_0913,Seguidor
PyladiesEc,Seguidor
wikimedia_es,Seguidor
luisalvaz,Seguidor
Aurcha0607,Seguidor
trigonelina,Seguidor
atarikaeda,Seguidor
solange_ybe,Seguidor
mafbereli,Seguidor
Cariver2Carla,Seguidor
sitrayas,Seguidor
PARROQRURALISTA,Seguidor
RUniboyaca,Seguidor
dan_DC3,Seguidor
israelnr_,Seguidor
eduardouio,Seguidor
apisanty,Seguidor
carlosi_jimenez,Seguidor
ajcgbio,Seguidor
fernando2654,Seguidor
GenderScan,Seguidor
LPIConnect,Seguidor
iaravps,Seguidor
DeSciReport,Seguidor
SolacytE,Seguidor
P_AstudilloE,Seguidor
_floreciendo_,Seguidor
CultivandoAc,Seguidor
infovestigacion,Seguidor
floresm_mx,Seguidor
mizhufa,Seguidor
es_ichu,Seguidor
miguelhotero,Seguidor
Limonchito999,Seguidor
0xggus,Seguidor
andotecas,Seguidor
RevistaEnuncia1,Seguidor
galarza_bar,Seguidor
MariaQuish,Seguidor
dfdavilao,Seguidor
RedGCTI,Seguidor
RParejaRoman,Seguidor
glshei,Seguidor
Georgelira99,Seguidor
EcolDigitales,Seguidor
mabeleit,Seguidor
Alea_LdSR,Seguidor
nephlyn,Seguidor
kenosanchez2006,Seguidor
La_Elichola,Seguidor
bencsantd,Seguidor
CIEUATx,Seguidor
SantislX,Seguidor
EAguadoL,Seguidor
GabyDom17,Seguidor
RogerCeli1,Seguidor
acnavascalixto,Seguidor
InfoDocu,Seguidor
FisicaEC,Seguidor
MariutsiA,Seguidor
alemon2605,Seguidor
eferlau,Seguidor
Rafa_elaquino,Seguidor
La__kim_,Seguidor
soylaparche,Seguidor
DiegoIsaac21,Seguidor
RedCientificos,Seguidor
arpagon,Seguidor
OEIEcuador,Seguidor
JNANBSC,Seguidor
LaLibreTech,Seguidor
soyalejandrolo1,Seguidor
maezqui73,Seguidor
Lidicealdas64,Seguidor
colfreepress,Seguidor
rena_ciente,Seguidor
RenePerez_EC,Seguidor
LoloMino,Seguidor
arkhan3x,Seguidor
NeelBit,Seguidor
dnschavarria,Seguidor
jimenaperu,Seguidor
MariaFernandaP4,Seguidor
alejo6966,Seguidor
carlioti,Seguidor
denise_jmacias,Seguidor
Ekuador3,Seguidor
mapeadora,Seguidor
lnargod,Seguidor
daergos,Seguidor
kaxtillo,Seguidor
FlisolQuito,Seguidor
usuariosdigital,Seguidor
Vladyet,Seguidor
hernandariogv,Seguidor
stalinflores88,Seguidor
CDHGYE,Seguidor
gpa_von007,Seguidor
stsewd,Seguidor
chicoxxx,Seguidor
leodansr,Seguidor
IleInye,Seguidor
JoselynLopezR,Seguidor
sebas_segovia37,Seguidor
EspaciadoraBar,Seguidor
selflogerl,Seguidor
Taniagdn,Seguidor
djangoglps,Seguidor
AsombrosasLatam,Seguidor
mapeoabierto_la,Seguidor
pkp,Seguidor
Daphnis_,Seguidor
viri_diplantae,Seguidor
ANID_Abierta,Seguidor
osewedmulaman,Seguidor
N3mNu9_4,Seguidor
Bel_atiencia,Seguidor
esloque68112740,Seguidor
RemediosFdez,Seguidor
miltinoPalacios,Seguidor
jaarjdat,Seguidor
carvicor422,Seguidor
CrisGalux,Seguidor
MayraOsorioP,Seguidor
TeObservo18,Seguidor
PaulVintimillaC,Seguidor
krushenka,Seguidor
carturo2018,Seguidor
eamestoy,Seguidor
GiticUnl,Seguidor
accessnow_latam,Seguidor
MomandGeekcom,Seguidor
PyladiesScl,Seguidor
mariacsegovia,Seguidor
criptolatinoOrg,Seguidor
bammushroom8,Seguidor
Petruxec,Seguidor
RIRevelo,Seguidor
naranjashiroshi,Seguidor
herdoiza_jean,Seguidor
JimenezLucyJ,Seguidor
Carla8522,Seguidor
CarlosCNTI,Seguidor
apradoc,Seguidor
en_Ecuador,Seguidor
Rodolfops6,Seguidor
aclac_alianza,Seguidor
patana,Seguidor
Davidcitop23,Seguidor
Wilsofo,Seguidor
mocatcal,Seguidor
MalokaBogota,Seguidor
mrprcs,Seguidor
claucece,Seguidor
666Alejo666,Seguidor
CristhianCP10,Seguidor
alejanae,Seguidor
allpakawsay,Seguidor
churosvallejo,Seguidor
Elymera,Seguidor
anouka,Seguidor
marielaroseroch,Seguidor
nopiedra,Seguidor
PEA81884866,Seguidor
GlucUnicauca,Seguidor
reyna_lizardo,Seguidor
valeriabet,Seguidor
santillan,Seguidor
hpovos,Seguidor
colegioflama,Seguidor
wikiaccionperu,Seguidor
redclade,Seguidor
EllocuenT,Seguidor
DianaIMaldonado,Seguidor
alvarolayedra,Seguidor
AnaHeredia2017,Seguidor
dagosalas,Seguidor
GrupoMendax,Seguidor
maritzats,Seguidor
cdchushig,Seguidor
laurarovelli,Seguidor
jalm_x,Seguidor
pepeleduin,Seguidor
gachisbar,Seguidor
_Warper_,Seguidor
Dglugor,Seguidor
elincandres,Seguidor
susanamorg,Seguidor
carlos_israelj,Seguidor
adriansalinasv,Seguidor
maggsvy,Seguidor
utopiagw,Seguidor
maninaely,Seguidor
dieguitocazar,Seguidor
p_castellsc,Seguidor
aojrgeo,Seguidor
manuelhr,Seguidor
RodrigoAdriel_,Seguidor
InspireEcuador,Seguidor
eainicao,Seguidor
dmoyaec,Seguidor
marvincabm,Seguidor
luchoalco,Seguidor
carlospulley10,Seguidor
RobertoPovedaP,Seguidor
arnoldferriv,Seguidor
philippepagniez,Seguidor
pandasexve,Seguidor
jacobnix,Seguidor
JTresCaminos,Seguidor
jsecuador_,Seguidor
JosselynFierro1,Seguidor
EspiritualYoga,Seguidor
q2ebinnova,Seguidor
PensarRed,Seguidor
Wikimedia_mx,Seguidor
roberperdomo,Seguidor
DaniLeoni_,Seguidor
HubUIO,Seguidor
rulosantix,Seguidor
Yvazquezl,Seguidor
jose_mendietaa,Seguidor
AlexitaSS26,Seguidor
desdefits,Seguidor
ServilletaPod,Seguidor
inglmendoza1988,Seguidor
myhatterisamad,Seguidor
JavierAugmna,Seguidor
MalkyaT,Seguidor
EspinosaVelarde,Seguidor
faridjc___,Seguidor
obvs_as,Seguidor
avilarenata,Seguidor
creativabit,Seguidor
_CevaL_,Seguidor
MaaferLartigue,Seguidor
derechosdigital,Seguidor
AnaililVasq,Seguidor
hack4openglam,Seguidor
Antropo2002,Seguidor
sufrostico,Seguidor
mrtnlpz74,Seguidor
paolaminoq,Seguidor
greendersoul,Seguidor
machutec,Seguidor
Paulina_lab_ecu,Seguidor
DorettoEzequiel,Seguidor
ChristianGuaya4,Seguidor
LasSteministas,Seguidor
arielarmijosg,Seguidor
marilomf,Seguidor
hacklib,Seguidor
Henry_DL,Seguidor
datysoc,Seguidor
la_fillesauvage,Seguidor
moredestructive,Seguidor
Priscil82905458,Seguidor
laucharoromero,Seguidor
nucleoREA,Seguidor
sarazambranov,Seguidor
DTECHECU,Seguidor
msanchezec,Seguidor
Polaris45569585,Seguidor
flisolguayaquil,Seguidor
Cyberjuan,Seguidor
roxanasilvach,Seguidor
janethbeatriz,Seguidor
ECGobAbierto,Seguidor
anthenoge,Seguidor
luisarias88,Seguidor
natyygav,Seguidor
SteckMera,Seguidor
RedArgEA,Seguidor
Tzintzun19,Seguidor
echthor,Seguidor
tajeewdr,Seguidor
uiolibre,Seguidor
2iaFundacion,Seguidor
CarlosRuz_F,Seguidor
MariaFernandaLL,Seguidor
RadiosLibres,Seguidor
maritzafigueroa,Seguidor
CITECec,Seguidor
flisolpatagonia,Seguidor
pabloescandon,Seguidor
Davidragar,Seguidor
PandiAndres,Seguidor
jssalcedo,Seguidor
qmarqeva,Seguidor
hijasdeinternet,Seguidor
sursiendo,Seguidor
germanguerr1,Seguidor
miguelmorachimo,Seguidor
HacerAlgoYo,Seguidor
Gordondp,Seguidor
nksistemas,Seguidor
Flisol_Loja,Seguidor
cielcito,Seguidor
estebantecno7,Seguidor
SinchiDianaB,Seguidor
umayux_ec,Seguidor
AnaGaValdiviezo,Seguidor
DjheksJ,Seguidor
naimlabpe,Seguidor
cmorsoc,Seguidor
galdangelo,Seguidor
ignaziotto,Seguidor
quesodeoaxaca,Seguidor
aiootp,Seguidor
calu,Seguidor
cyberderechos,Seguidor
cooplibretec,Seguidor
SSeerrggiioo19,Seguidor
Ciberpsico,Seguidor
zergiorubio,Seguidor
ymontoyag,Seguidor
elkabuitrago,Seguidor
erainmoya,Seguidor
PatricioSanto13,Seguidor
Jaun6626,Seguidor
odsrural,Seguidor
TransparenteGob,Seguidor
MartinMorientes,Seguidor
PinaBaus,Seguidor
taucetinet,Seguidor
kiki_i22,Seguidor
WeMyBF,Seguidor
edisoncor,Seguidor
ardilla669,Seguidor
yoryi_soto,Seguidor
anadelaspaulas,Seguidor
MartinSzy,Seguidor
jecordov,Seguidor
miltonlab,Seguidor
andres90mejia,Seguidor
elandivar,Seguidor
ElProfe_Ec,Seguidor
Janaxpachapuka,Seguidor
Betiana_Vargas_,Seguidor
ega562,Seguidor
acelgatenues,Seguidor
samcuestiona,Seguidor
EJRosero,Seguidor
davotrade2010,Seguidor
ErickS90171462,Seguidor
StephanieNaran4,Seguidor
data__coso,Seguidor
daniconil,Seguidor
EditorEnBici,Seguidor
KafSofit,Seguidor
nolesdescasito,Seguidor
cumanadigital,Seguidor
interfabu,Seguidor
dedAL0s,Seguidor
wikimedistasec,Seguidor
BenzoicoMan,Seguidor
criticapensada,Seguidor
s_salterain,Seguidor
titayna,Seguidor
luiscardon,Seguidor
tec_en_SL,Seguidor
iniciativaea,Seguidor
Charlie_Ge,Seguidor
Calitosfreireme,Seguidor
elyanucha,Seguidor
kike_tea,Seguidor
Estado_Abierto,Seguidor
swevolutivo,Seguidor
sebasrobelly,Seguidor
pepoperez97,Seguidor
agurto_pierre,Seguidor
sunplenatech,Seguidor
diana_moranc,Seguidor
DatosOrgCo,Seguidor
wikimedia_ar,Seguidor
tierra_comun,Seguidor
marisolv,Seguidor
diegoacco,Seguidor
leonautajujuy,Seguidor
munizaga25,Seguidor
juanfermaestre,Seguidor
aioigzo,Seguidor
ODCenteno,Seguidor
mafab25,Seguidor
AmarantaOng,Seguidor
DiegoCevallosEC,Seguidor
CCuruguay,Seguidor
GIZEcuador,Seguidor
ghserrano,Seguidor
fcosilvag,Seguidor
MeliPassiflora,Seguidor
tecnochamana,Seguidor
ducuchu,Seguidor
cantoflor_87,Seguidor
Carlangas238,Seguidor
AndresDelgadoEC,Seguidor
LuisAPascacio,Seguidor
YvetteGRamirez,Seguidor
s_lehuede,Seguidor
lacajaderratas,Seguidor
SalvaLacruz,Seguidor
c0rsaria,Seguidor
glopezsandoval,Seguidor
arenitasoria,Seguidor
dospesosinc,Seguidor
DigitalLabUDP,Seguidor
cgainza,Seguidor
elotrojames,Seguidor
camus0,Seguidor
Frenhofer1,Seguidor
CooperosDigital,Seguidor
karlazavala,Seguidor
gebbuio,Seguidor
gabbyvelascor,Seguidor
lachukra,Seguidor
lalieblich,Seguidor
red_divulga,Seguidor
CEBIOECUADOR,Seguidor
AquelHP,Seguidor
Cabb_96,Seguidor
pepios,Seguidor
orleymbailon,Seguidor
datademocracia,Seguidor
QuezadaAlbita,Seguidor
Nivardot,Seguidor
jnoptik_intra,Seguidor
CCaraboboLibre,Seguidor
RafaOpenSource,Seguidor
GJordanDetamore,Seguidor
d6rw1n,Seguidor
3ltardigrado,Seguidor
gajunapi,Seguidor
InternetCiudada,Seguidor
Tania_navarret,Seguidor
FreeCADNews,Seguidor
D_Joe_Bonham,Seguidor
scielomexico,Seguidor
arrobapepepl,Seguidor
crism321,Seguidor
aterciopelados,Seguidor
adrisoacha,Seguidor
vmarinj,Seguidor
fvilema,Seguidor
viasoluciones,Seguidor
socavon_,Seguidor
SCiAC_LatAm,Seguidor
reflexiones_fcs,Seguidor
jlso1o,Seguidor
njoharuiz,Seguidor
sjronqui,Seguidor
Pedro_Villegas_,Seguidor
loxalibre,Seguidor
CarlosHernanAlb,Seguidor
open_sessionsl,Seguidor
Fionashinoda,Seguidor
saulo_jacques,Seguidor
gulagmexico,Seguidor
FCBosque,Seguidor
ChesareSIG,Seguidor
ivntres,Seguidor
alauramf1,Seguidor
figshare,Seguidor
Diego_Morales_O,Seguidor
LAMARCEMORA,Seguidor
SomosAuroraCL,Seguidor
LuisRam95067119,Seguidor
socialtic,Seguidor
jacris1989,Seguidor
FlisolUy,Seguidor
ConatiOficial,Seguidor
pjaviercornejo,Seguidor
DominemoslasTIC,Seguidor
marfossatti,Seguidor
FundacionKiru,Seguidor
magabrielaayala,Seguidor
vahidm,Seguidor
marchelo2212,Seguidor
israteneda,Seguidor
WikimediaPE,Seguidor
danielo_ecu,Seguidor
L_PetrOS_Ori,Seguidor
nanocbaar,Seguidor
jorgepantojam,Seguidor
luisjim84,Seguidor
OpenDataEc,Seguidor
f3n53,Seguidor
Statick_ds,Seguidor
richiprieto,Seguidor
PythonArgentina,Seguidor
FLISoLCordoba,Seguidor
RodryTufio,Seguidor
lasanta_studio,Seguidor
jhon_p16,Seguidor
infercom_2,Seguidor
RIGA_LATAM,Seguidor
kikomayorga,Seguidor
lwp_,Seguidor
Cienciabajolupa,Seguidor
Info_Activismo,Seguidor
rbonifaz,Seguidor
bluewake,Seguidor
juncotic,Seguidor
d1cor,Seguidor
fundapi,Seguidor
widsguayaquil,Seguidor
Open_Revolution,Seguidor
jsd3v,Seguidor
hugandoro,Seguidor
dtorbay,Seguidor
grmanresa,Seguidor
VannePaez,Seguidor
MijailR,Seguidor
CanaimaGNULinux,Seguidor
LordchenHelm,Seguidor
articaonline,Seguidor
OWASP_Quito,Seguidor
redam_ecuador,Seguidor
datalat,Seguidor
juliuslaetus,Seguidor
rubenzavala70,Seguidor
lachamba,Seguidor
asle_ec,Seguidor
DeMenteUIO,Seguidor
nbsolano90,Seguidor
santidavid,Seguidor
ricardovilarde,Seguidor
Osvaldo_Salazar,Seguidor
Cangreja533,Seguidor
8inary,Seguidor
andresvivancov,Seguidor
Radialistasnet,Seguidor
Itala_LG,Seguidor
Naticavama,Seguidor
rafa_maple,Seguidor
macordob,Seguidor
suarezvr,Seguidor
joselmendozam,Seguidor
ojala_fuera,Seguidor
koriosc,Seguidor
pauR_ar,Seguidor
ccommons_ve,Seguidor
daforerog,Seguidor
lotgalad,Seguidor
Conf_TICAL,Seguidor
StokaVeronika,Seguidor
GinapsGroup,Seguidor
robintux,Seguidor
ObservaOISTE,Seguidor
jesuscarpio7,Seguidor
RedCLARA,Seguidor
jenn_lor,Seguidor
gsalazarq,Seguidor
plazasmalagon1,Seguidor
Ubuntu8Touch,Seguidor
Python_cursos,Seguidor
ajairom0,Seguidor
mcb_jj,Seguidor
Astro__Alexa,Seguidor
josue_nanotech,Seguidor
ysabelbr,Seguidor
BlackPhysicists,Seguidor
nunezluis,Seguidor
vilsonvera,Seguidor
demarchi_matias,Seguidor
Jor_CLATraining,Seguidor
andresecme,Seguidor
e_liana,Seguidor
AngelSo62982958,Seguidor
vortexphi,Seguidor
ChinoEgas,Seguidor
mashi_noe,Seguidor
CokoFoundation,Seguidor
Leo_Tezka,Seguidor
gorggygon,Seguidor
moncayoguido,Seguidor
JacoboCas,Seguidor
tico_al,Seguidor
mfressoli,Seguidor
AnaCelestePrezV,Seguidor
fannocua,Seguidor
veramarilis,Seguidor
KarienDiaz,Seguidor
redsplatt,Seguidor
hackem,Seguidor
geografoec,Seguidor
MiaLola80236903,Seguidor
josevicentesimb,Seguidor
fl2v10l2nfr2nc0,Seguidor
veropaiz,Seguidor
elingbruxo,Seguidor
Data4Girls,Seguidor
mapisaro,Seguidor
hormiga0326,Seguidor
offrayLC,Seguidor
EsDatasketch,Seguidor
ABRELATAM,Seguidor
nniferandyepez,Seguidor
stellamaris_sb,Seguidor
FLOKSociety,Seguidor
andre_ukis,Seguidor
ApropiACYT,Seguidor
flisol_bogota,Seguidor
accesaorg,Seguidor
rfupic,Seguidor
funpython_ec,Seguidor
DeNovatoanovato,Seguidor
CC_Ecuador,Seguidor
LAReferenciaAA,Seguidor
anigadelhierro,Seguidor
saraclaroscuro,Seguidor
jmfinlay,Seguidor
hackrancho,Seguidor
CC_Panama,Seguidor
openscience,Seguidor
INNPACTO_PERU,Seguidor
AboGeekForense,Seguidor
dhecheverria,Seguidor
danicotillas,Seguidor
autores_uy,Seguidor
cheukting_ho,Seguidor
lausanabriac,Seguidor
AnitaaKuhn,Seguidor
ParentColombia,Seguidor
boyaca_dev,Seguidor
amenamaekawa,Seguidor
gabrielamkt,Seguidor
pyladiescali,Seguidor
Damaris_G_Ch,Seguidor
FernandoMtzMx,Seguidor
JoannaSalgado95,Seguidor
Thinknet_,Seguidor
markbauerwater,Seguidor
leonardtanauio,Seguidor
danielbenit0,Seguidor
NicoleNiap,Seguidor
linalymon,Seguidor
aster_bio,Seguidor
cristian_qm,Seguidor
pyladiesmunich,Seguidor
diana_nerd,Seguidor
lauren_flor,Seguidor
ALLY_OR_ENEMY,Seguidor
ratalie,Seguidor
hirelineio,Seguidor
CodeGirlDev,Seguidor
VictorEnRed,Seguidor
cmaureir,Seguidor
saviaga,Seguidor
pythoncanarias,Seguidor
alfredogama,Seguidor
JoinTerminal,Seguidor
lhuacho,Seguidor
lirio1813,Seguidor
CapetillLily,Seguidor
NaVeDuran1,Seguidor
clarisa09238268,Seguidor
marielevolucion,Seguidor
Jimena_y_yo,Seguidor
rladies_cologne,Seguidor
Monica_CabreraP,Seguidor
PyLadiesValpo,Seguidor
helenismo,Seguidor
Helena66637462,Seguidor
breathfight,Seguidor
abloominghill_,Seguidor
NancyChavez_777,Seguidor
lumbresemueve,Seguidor
krmsalazar,Seguidor
darshanaio,Seguidor
MJ_BIO,Seguidor
agnamihira,Seguidor
gretelortiz,Seguidor
catalinaescobar,Seguidor
julianpsm,Seguidor
alomda_mohamad,Seguidor
getonbrd,Seguidor
godochillida,Seguidor
Alkhalem2,Seguidor
LetzyDariana,Seguidor
IsaJaimesRod,Seguidor
hugocmosquera,Seguidor
gilberto_xyz,Seguidor
XiomaraZamorac1,Seguidor
marialedev,Seguidor
devmaga_,Seguidor
Teresamunozl,Seguidor
recreo_steam,Seguidor
JeanPaulLunaFl1,Seguidor
Len93408520,Seguidor
PrAnaUri,Seguidor
cassyniapp,Seguidor
miranda30340947,Seguidor
PyLatam,Seguidor
GaboGomezT,Seguidor
NicolayMS19,Seguidor
flavinhasv,Seguidor
valeriafloral,Seguidor
DroneSavannah,Seguidor
mahm00d27,Seguidor
lfdelgadom,Seguidor
David_puntopy,Seguidor
MarcelamoraC,Seguidor
Priscil63545575,Seguidor
PyladiesAqp,Seguidor
carlosbiotecno,Seguidor
NaomiCeder,Seguidor
ContevilleL,Seguidor
AndreaZapataBB,Seguidor
_DaniOspina,Seguidor
irvin_aurelio,Seguidor
atrapa_versos,Seguidor
amado_mila,Seguidor
eristikvalexa,Seguidor
era_jas,Seguidor
gcdeshpande,Seguidor
PyLadiesTunis,Seguidor
JairoProDev,Seguidor
NYCPyLadies,Seguidor
future_is_,Seguidor
direl_22,Seguidor
mvortiz,Seguidor
humanoidegreen,Seguidor
tujavie_entanga,Seguidor
danielaberardi,Seguidor
yamamotolu,Seguidor
lucascristian96,Seguidor
danyttafdz,Seguidor
AmadoriGabriela,Seguidor
StrategicDS,Seguidor
lyftmexico,Seguidor
imgildev,Seguidor
G33kyCats,Seguidor
mapa01234,Seguidor
blashstar,Seguidor
evafreud08jul17,Seguidor
M1_R1_V,Seguidor
monikavella,Seguidor
danielaestevam,Seguidor
RuizLC,Seguidor
JuliRuizRiobo,Seguidor
PyNef,Seguidor
Hesi_Karina,Seguidor
aldou_app,Seguidor
Double_Yei,Seguidor
saramcano,Seguidor
LorenA_EP_,Seguidor
clinker,Seguidor
PyLadiesMadrid,Seguidor
eve_tege,Seguidor
MarciaC18,Seguidor
dennyperez18,Seguidor
T__aldebaran,Seguidor
Cecil_gabaxi,Seguidor
diegovanegas,Seguidor
kimislearning,Seguidor
espifreelancer,Seguidor
VickoMc,Seguidor
nana_eu0o,Seguidor
homargonzalez,Seguidor
Sabrina93015,Seguidor
Kianaaghost,Seguidor
BerserkerKoala,Seguidor
lia04123871,Seguidor
OKFNAR,Seguidor
Vaninex,Seguidor
MarshSm730,Seguidor
miss_rob0t,Seguidor
yesmynameislola,Seguidor
DICACHALO,Seguidor
nancyquinteroo,Seguidor
jump_conf,Seguidor
ellibrodepython,Seguidor
Juancacorps,Seguidor
devc0mmunity,Seguidor
indofaradios,Seguidor
RamsayHunt_,Seguidor
susana_duque,Seguidor
SilviaAlarcon_,Seguidor
pamesorioz,Seguidor
danna_villca,Seguidor
helectron,Seguidor
NoeliaRevollo,Seguidor
ColegioBourbaki,Seguidor
WomenRockinTech,Seguidor
rsgcolombia,Seguidor
DianaCamilaB,Seguidor
DanitzelJ,Seguidor
carotteid,Seguidor
GalvisKaroll,Seguidor
JohnSGmez1,Seguidor
NancyNSalazar,Seguidor
Andrs797,Seguidor
angiepcorreas,Seguidor
Tesitochan,Seguidor
Pao_MartzC,Seguidor
MayaKillari,Seguidor
JennFonseca,Seguidor
gisbemo,Seguidor
camilooob,Seguidor
ceci_code,Seguidor
PauSiauchoU,Seguidor
moebious,Seguidor
Dv_Zamora,Seguidor
keityfar,Seguidor
ikks,Seguidor
luvargas2,Seguidor
TecnosferaET,Seguidor
josealb94dev,Seguidor
kamynz16,Seguidor
MaryuryCatleya,Seguidor
o_o____o_o,Seguidor
yadymarym,Seguidor
JOICEKELLYC,Seguidor
aac_phd,Seguidor
jevelezse,Seguidor
sofia_cotopaxi,Seguidor
GeekGirlsLatam,Seguidor
rennerocha,Seguidor
natadelaleche,Seguidor
valequiir,Seguidor
LiliValGo,Seguidor
msantospineda,Seguidor
cpuertog,Seguidor
_adrilu7,Seguidor
___0__0___0_,Seguidor
campuspartyco,Seguidor
theflakmanmx,Seguidor
lisp_a,Seguidor
WiDS_Worldwide,Seguidor
YeseHernandez8,Seguidor
catalojara88,Seguidor
kate_vach,Seguidor
marsovskdevojko,Seguidor
diegoruidajo,Seguidor
pythonpiura,Seguidor
vales_7,Seguidor
mausanlop,Seguidor
medullaskyline,Seguidor
valerybriz,Seguidor
linterna,Seguidor
WomeninDataMX,Seguidor
jegc_,Seguidor
PapelJess,Seguidor
ixek,Seguidor
lcarloszapatag,Seguidor
ombuenaventura,Seguidor
WiDSSantiago,Seguidor
andresbarreto,Seguidor
pyladiesmed,Seguidor
ed_fronzec,Seguidor
WiMLDS_Tokyo,Seguidor
ChicagoPython,Seguidor
salvarezmeneses,Seguidor
nathcabrera98,Seguidor
MeetupES,Seguidor
xhidori_exe,Seguidor
carlos_acom,Seguidor
chris_cch_,Seguidor
EddPstr,Seguidor
daniel_segovia,Seguidor
Oludarestephen,Seguidor
BecomingDataSci,Seguidor
PyLadiesGhana,Seguidor
ulisesqg,Seguidor
loooorenanicole,Seguidor
mariogmd,Seguidor
nicolefrale,Seguidor
EllaQuimica,Seguidor
_SharonCamacho,Seguidor
oluciap,Seguidor
marisbotero,Seguidor
peacefulcyborg,Seguidor
KittyLon,Seguidor
iris9112,Seguidor
karobotco,Seguidor
zoelynneh,Seguidor
Oir_ese_rio,Seguidor
AyalaIveliz,Seguidor
Stephan08881731,Seguidor
elbamm2,Seguidor
AOrtugno,Seguidor
FiammaAna7,Seguidor
BettySanchez_7,Seguidor
Armando_Jhunior,Seguidor
hgjmx,Seguidor
Michell81112894,Seguidor
CleidyOsorio,Seguidor
Karimar615,Seguidor
LucasEz26762037,Seguidor
AndreiaAmmorim,Seguidor
arachlu27,Seguidor
mariadeserrao,Seguidor
H_Mili_,Seguidor
talentoit2020,Seguidor
noeliafpaez,Seguidor
Giuliana_Coello,Seguidor
Astrocitos_,Seguidor
Cecilius_25,Seguidor
TroncosoJudith,Seguidor
KariCruz_,Seguidor
ofmi_omegaup,Seguidor
guillermochota,Seguidor
hack_women,Seguidor
simpsonina12,Seguidor
LilithIchigo,Seguidor
_chicome,Seguidor
andreatcj,Seguidor
kary_agarcia,Seguidor
DAOS117,Seguidor
AlvaroViamont,Seguidor
TEKER_one,Seguidor
PythonGuatemala,Seguidor
cuadritocanibal,Seguidor
Any_PaoCS,Seguidor
VikyAle,Seguidor
pyladies,Seguidor
DiegoAstroData,Seguidor
JorgeGu07002235,Seguidor
_pielcaneela_,Seguidor
sakibarra,Seguidor
psicloudia,Seguidor
gabyrpartida,Seguidor
LaurelItzel,Seguidor
jmtoralc,Seguidor
data_dream,Seguidor
Orednil1,Seguidor
RLadies_Qro,Seguidor
Majo_Rojas_2103,Seguidor
HalyHalymary,Seguidor
LizethR68617467,Seguidor
SaraOrtz6,Seguidor
Eri_DataS,Seguidor
Hellcar3,Seguidor
sierralapuerta3,Seguidor
printxiomara,Seguidor
sowisla,Seguidor
patronesh,Seguidor
matematicasmx,Seguidor
LifeDecode,Seguidor
audiracmichelle,Seguidor
atgenomics,Seguidor
__folken__,Seguidor
_StellaFranco,Seguidor
taniavaldiviac,Seguidor
danielar25,Seguidor
ValeJauregui_,Seguidor
IRANNASH,Seguidor
c4929634,Seguidor
_bordelique_,Seguidor
Maricarmen2396,Seguidor
_itsme_yu,Seguidor
_alemeraz,Seguidor
ambnever,Seguidor
AlimiGarmendia,Seguidor
astrid90169258,Seguidor
jmontlvg,Seguidor
PaolaRuizy,Seguidor
elsasiomara2,Seguidor
angiie_cc,Seguidor
_biopsic,Seguidor
JorgeJiza,Seguidor
monicaps_98,Seguidor
issisaby,Seguidor
CASS810914,Seguidor
PerDelAngel,Seguidor
KarinaPizarnik,Seguidor
WLABcommunity,Seguidor
learner_data,Seguidor
thedatapub,Seguidor
RodZepeda,Seguidor
lncrnannie,Seguidor
MariaReginaSC_,Seguidor
Rendi_B612,Seguidor
_maggiesam,Seguidor
DavilaMargeo,Seguidor
norms713,Seguidor
heliconide,Seguidor
serra_molina,Seguidor
AlejAguirr,Seguidor
MarioRaulGz,Seguidor
JazminRdz055,Seguidor
_LXAI,Seguidor
ocgresendiz,Seguidor
Lizmat,Seguidor
valeguemez,Seguidor
DatitosMx,Seguidor
taniarrubi,Seguidor
binichbella,Seguidor
misschuii,Seguidor
Kari_GMoreno,Seguidor
ninacasmen,Seguidor
Kempis_LA,Seguidor
Anaestaenlaluna,Seguidor
Quetzally_Med,Seguidor
decimeay,Seguidor
DulceLariz,Seguidor
scleon20,Seguidor
igu90,Seguidor
BrendaTorresHu3,Seguidor
josue_guzz,Seguidor
ailedyohuesito,Seguidor
futurelabmx,Seguidor
BlancaAndreaVe1,Seguidor
AndyTikkiMota,Seguidor
MKHdez_80,Seguidor
DataMexico_,Seguidor
_jisraelfc,Seguidor
AndreaMarianMt,Seguidor
xochquintero,Seguidor
nefter_,Seguidor
diana_gonvel,Seguidor
SandraAVazquez,Seguidor
GeekReclu,Seguidor
paugmw1,Seguidor
rrr1_618,Seguidor
cpmilla,Seguidor
Tren_del_Mar,Seguidor
EliFajardo_,Seguidor
aaraa_aaraa,Seguidor
Andrea_GCinto,Seguidor
m2_3du,Seguidor
elennor,Seguidor
du_garibay,Seguidor
menabu0,Seguidor
girsanov,Seguidor
Scientiax_,Seguidor
_aleepsy,Seguidor
ninogdo,Seguidor
upacmw,Seguidor
Dan_R87,Seguidor
ConIngenieras,Seguidor
miguelraz_,Seguidor
paomrom,Seguidor
GrisellReyesRi2,Seguidor
JaziveAj,Seguidor
lamaycien,Seguidor
rrortegaa,Seguidor
GeekGirlsMx,Seguidor
caritolaverdep,Seguidor
agrodriguezs,Seguidor
monsecode,Seguidor
MagChavira,Seguidor
sailorassembler,Seguidor
yag1310,Seguidor
roponmx,Seguidor
CrissRomero89,Seguidor
joss_notfound,Seguidor
mr_castaneda,Seguidor
clauivette86,Seguidor
Xitlacoatl,Seguidor
PaolaMR99,Seguidor
gdeandajauregui,Seguidor
_lezti_,Seguidor
mariicharms,Seguidor
Carlos18319529,Seguidor
3r3n_n,Seguidor
TamaraVelasquez,Seguidor
KMMXmx,Seguidor
apricotnpeony,Seguidor
MelGDD,Seguidor
ErisSeiren,Seguidor
Montserrat_HdzB,Seguidor
ginandtonicole,Seguidor
estefani_gaytan,Seguidor
Erika__Curiel,Seguidor
ledatorresmx,Seguidor
Gpe_bg29,Seguidor
nagui1008,Seguidor
medicenhielito,Seguidor
Frecuenc1as,Seguidor
leobardomt,Seguidor
BurguetePp,Seguidor
martemorfosis,Seguidor
erhric_,Seguidor
Libia_RA,Seguidor
jorgedsant,Seguidor
bdiazeufracio,Seguidor
stukeil,Seguidor
BrendaTorresHu1,Seguidor
josschavezf1,Seguidor
MiltonOtiniano,Seguidor
abcruzm,Seguidor
VeroIarrachtai,Seguidor
_MonstreDelicat,Seguidor
DiegoATorresQ,Seguidor
ellie_rys,Seguidor
karwinskii,Seguidor
LauraGa54341737,Seguidor
davidaaronmc,Seguidor
lvcm_lvcm,Seguidor
Gelitos_Ramirez,Seguidor
BereHeCz,Seguidor
_judyvillascan,Seguidor
AnaGabrielaCrd2,Seguidor
libe_tom,Seguidor
cienciasureste,Seguidor
riego_lina,Seguidor
daliaggut,Seguidor
CientificasMxAC,Seguidor
mxarc,Seguidor
Marielitazul,Seguidor
_Sony_C,Seguidor
CastellHu,Seguidor
EugeniaZarza,Seguidor
FabyEsAr,Seguidor
sandra_sandunga,Seguidor
paty_rodil,Seguidor
GeekEndDS,Seguidor
tomasdamerau,Seguidor
ada_lso,Seguidor
ahernandezcamps,Seguidor
Calambura1,Seguidor
QRO_softwaredev,Seguidor
pepe_harry,Seguidor
CrispyJones,Seguidor
juliacev,Seguidor
data_infinity,Seguidor
alfersugo,Seguidor
Nori_cgum,Seguidor
89ROBERTO,Seguidor
ItzelMoya8D,Seguidor
alexatorales,Seguidor
VanessaSanRome,Seguidor
ingridmipe,Seguidor
blisete,Seguidor
lramirez88mx,Seguidor
Pams_moon,Seguidor
umalvarez,Seguidor
Annhled6,Seguidor
sg4women,Seguidor
valevetts,Seguidor
KPReyo,Seguidor
Ashanti_liber,Seguidor
YaelCortes,Seguidor
josbop,Seguidor
paolaodiardi,Seguidor
XhailBL,Seguidor
emilinhone,Seguidor
elbuenrobe,Seguidor
ensayosobrelace,Seguidor
Marianagh12,Seguidor
LeeIcaro,Seguidor
TATA_BOX,Seguidor
SusaGoH,Seguidor
Usandoval3,Seguidor
EstefVazque,Seguidor
JuanyDelosLagos,Seguidor
lekim7,Seguidor
guillermo_id,Seguidor
jimenasimu,Seguidor
david_mont_h,Seguidor
mmsiu,Seguidor
Cassiopeaventus,Seguidor
shirley_ah,Seguidor
qSergioN,Seguidor
Quelesfora,Seguidor
miguelzaju,Seguidor
thenkou,Seguidor
Cherryaida,Seguidor
Itzaapitza,Seguidor
AnaBetty2304,Seguidor
kirbylife,Seguidor
PFJassel,Seguidor
eduvazher,Seguidor
jorgerure,Seguidor
DafneBetsabe2,Seguidor
Landa23,Seguidor
_FDamian_,Seguidor
fridagcelis,Seguidor
m_alejac,Seguidor
claudiodanielpc,Seguidor
m_tere_gm,Seguidor
Anaid_Ayala,Seguidor
MiriamJBravo1,Seguidor
meshtorres,Seguidor
AnaPaulaBGtz,Seguidor
blanqc,Seguidor
VeronicaRodriCo,Seguidor
SeniorasChambas,Seguidor
pollovoraz,Seguidor
VVillaIslas,Seguidor
karlaghg91,Seguidor
Danx399,Seguidor
HectorIP,Seguidor
geraldine_rg,Seguidor
brunocgf,Seguidor
_Yosune,Seguidor
andreas56109892,Seguidor
xoch_cv,Seguidor
Duhyadi,Seguidor
Valeriaballona,Seguidor
EtzahuuMendoza,Seguidor
dyegolara,Seguidor
___Nats____,Seguidor
carlopezcar,Seguidor
orbitastj,Seguidor
elizabeth211404,Seguidor
rainbow_girlw,Seguidor
gghgaby,Seguidor
Anamhoo,Seguidor
eessm01,Seguidor
AngsMarz,Seguidor
natorro,Seguidor
ZairAmanda,Seguidor
Bichus13,Seguidor
taniasosaux,Seguidor
masmujeresux_mx,Seguidor
moaimx,Seguidor
Alghey,Seguidor
taniamagenta,Seguidor
Beremusa,Seguidor
SoyJetzy,Seguidor
anndserrano,Seguidor
Jenhytha,Seguidor
MarlaRangel15,Seguidor
GutierrezAmerik,Seguidor
tzxldz7,Seguidor
Sr_Kraken,Seguidor
MagdaGabrielaY3,Seguidor
ernavaga,Seguidor
soniaiivette,Seguidor
IreiriA,Seguidor
laulozanob,Seguidor
elizaven,Seguidor
emonroycruz,Seguidor
andhi_van,Seguidor
fuzzyrulo,Seguidor
frida_celis,Seguidor
ddiannae,Seguidor
lucero_vaca_,Seguidor
obc993,Seguidor
LrnM9,Seguidor
RLadiesValpo,Seguidor
CodeLatinx,Seguidor
yozunevest,Seguidor
secretarybarbie,Seguidor
marianeats,Seguidor
beatricedata,Seguidor
skydream2405,Seguidor
nlitb,Seguidor
yinayiyi,Seguidor
gisloveskya,Seguidor
andiesorder,Seguidor
javierartwo,Seguidor
EmilianoSotel10,Seguidor
instantedementa,Seguidor
emmsool,Seguidor
FernandoMay13,Seguidor
ruydg,Seguidor
alicercherry,Seguidor
c1ndere11a,Seguidor
lespam_,Seguidor
patOCarranza,Seguidor
SonGeo,Seguidor
fannygaligo,Seguidor
nat_sarabia,Seguidor
erickrl6,Seguidor
AlexSL9507,Seguidor
guardado_pa,Seguidor
AlanHdzGtz,Seguidor
ems918,Seguidor
dante_gerardo,Seguidor
ddelafs,Seguidor
fresitajim,Seguidor
carlosroqueavi1,Seguidor
yaremi35803451,Seguidor
LeiitooGD,Seguidor
eddiecg,Seguidor
abcdabcdxyzzyx,Seguidor
lui_nefelibata,Seguidor
mau_roal,Seguidor
raulzr,Seguidor
corzo_t,Seguidor
aranxa_tc,Seguidor
BRohirter94,Seguidor
cbmay222,Seguidor
TaniaGueA,Seguidor
soymelisa,Seguidor
jgesma17,Seguidor
coriasergio,Seguidor
Scar_Escudero,Seguidor
guzmart_,Seguidor
yecjm,Seguidor
ciinkri,Seguidor
petrohs,Seguidor
wackynfm,Seguidor
Michelle_Merino,Seguidor
magamar29,Seguidor
JuanVazqMont,Seguidor
MoralesDavids,Seguidor
arsie_babe,Seguidor
YvonneNewLeib,Seguidor
radicalrasp,Seguidor
__danvergara__,Seguidor
cafc79,Seguidor
fccanas,Seguidor
DinoD22,Seguidor
3ureka_mx,Seguidor
ttblydna,Seguidor
jjsantoso,Seguidor
Daniel_AvOr,Seguidor
moR_data,Seguidor
GabyTururu,Seguidor
phyllumpeltatum,Seguidor
lcinthy,Seguidor
vuevixensMX,Seguidor
manodelfuego,Seguidor
SciTechXE,Seguidor
duribeb,Seguidor
svrvhi,Seguidor
soyunactuario,Seguidor
dani_baltazar12,Seguidor
Verynace,Seguidor
lunysska,Seguidor
pflama,Seguidor
NoeOsorioPK,Seguidor
CarminadeLuna,Seguidor
AdrianSantuario,Seguidor
KarlaLG9,Seguidor
jazzcelaya,Seguidor
riiaa_org,Seguidor
sirenotmermaid,Seguidor
M4LU,Seguidor
Dra_Malvada,Seguidor
SamanoCedillo,Seguidor
AzaReyAguila,Seguidor
nanoNancy,Seguidor
PresuntoC,Seguidor
pulido_amalia,Seguidor
ErikaMunozzzzz,Seguidor
EVEMI10,Seguidor
RLadiesXalapa,Seguidor
DatalabITAM,Seguidor
dianapan29,Seguidor
geekbiology,Seguidor
diansanchez,Seguidor
roslemusmartin,Seguidor
basicavisual,Seguidor
el_osalan,Seguidor
glitter_byte,Seguidor
fabirasgado,Seguidor
TeresaOM,Seguidor
ortunocris,Seguidor
alveuz,Seguidor
Antonio_Mora_94,Seguidor
anakrousism,Seguidor
sci_sic,Seguidor
andrea_navarret,Seguidor
licloona1487,Seguidor
karencahz,Seguidor
285sva,Seguidor
yalbi_ibm,Seguidor
monnzl,Seguidor
labrendachavez,Seguidor
Aline__Aragon,Seguidor
Lety_CruzB,Seguidor
GuatemalaCC,Seguidor
nihilipster,Seguidor
DataLabMx,Seguidor
the_i2ds,Seguidor
searCampuzano,Seguidor
danielRvallejo,Seguidor
isccarrasco,Seguidor
chohluna,Seguidor
i_Baezg,Seguidor
fossvick,Seguidor
mely_salinas,Seguidor
Akrams,Seguidor
wimlds,Seguidor
RLadiesGlobal,Seguidor
RLadiesParis,Seguidor
gajodeluz,Seguidor
chickTechMTL,Seguidor
RLadiesLondon,Seguidor
veroniqalecita,Seguidor
Abyrocke,Seguidor
thaasophobia,Seguidor
Ruv7,Seguidor
ETCienciaAr,Seguidor
rosa_maniatica,Seguidor
FarideVanesa,Seguidor
metooantropolo1,Seguidor
maripaz_ch,Seguidor
minormoras,Seguidor
EvitaKano,Seguidor
silviagquintero,Seguidor
eventsWCS,Seguidor
carocordb,Seguidor
trmarojas,Seguidor
Lanfeust13,Seguidor
herradalaudi,Seguidor
venus_aurio,Seguidor
profe_gringo,Seguidor
1984aiuash,Seguidor
dali_nl,Seguidor
Christi63068147,Seguidor
negli_gallardo,Seguidor
nanxilotl,Seguidor
Holly_Eudes,Seguidor
mich_gato97,Seguidor
osmabe,Seguidor
TarlanJabiyev,Seguidor
LuisArmandoGelv,Seguidor
tipica_nerd,Seguidor
LuEscobar86,Seguidor
TavoGLC,Seguidor
navalov,Seguidor
lucaspianta,Seguidor
DaphOddil,Seguidor
HernaniFMO,Seguidor
SluggerCrack,Seguidor
adrianamondb,Seguidor
Tanisima,Seguidor
arnaldo_visoor,Seguidor
GOVITO2022,Seguidor
naxxxhie,Seguidor
CaasiAvlis,Seguidor
mayframbuesa,Seguidor
CoOrganicMatter,Seguidor
FergusArangel,Seguidor
anajoss77,Seguidor
653_Berenike,Seguidor
FVilca_,Seguidor
Enferparati,Seguidor
Carito_Alvarezp,Seguidor
karlaleonib,Seguidor
NheringLobo,Seguidor
Eva_lucila,Seguidor
AlanFer60208771,Seguidor
cynthiasotocar,Seguidor
naifer__,Seguidor
universdatos,Seguidor
michel_brmdz,Seguidor
anaterezaduarte,Seguidor
Iesuve,Seguidor
nutmartinez,Seguidor
licangelserrano,Seguidor
jmateoh2107,Seguidor
FatimaRetta,Seguidor
chungapedro1,Seguidor
m_carmensh,Seguidor
gracescrap,Seguidor
richard_lemoine,Seguidor
MrRuisenor,Seguidor
jenineharris,Seguidor
JCSANT_,Seguidor
darincon444,Seguidor
Hernancho1384,Seguidor
Patrici78868748,Seguidor
Shute15214817,Seguidor
JuanPan48897678,Seguidor
GlaEu,Seguidor
FreieLilie,Seguidor
mmfbee,Seguidor
SimoneS75754756,Seguidor
braz_cami,Seguidor
Maferpz971,Seguidor
bacteria60,Seguidor
anyanynay,Seguidor
denissesacea,Seguidor
marbasz,Seguidor
R_Girls_School,Seguidor
tontaenergy,Seguidor
indianaazar_,Seguidor
comunidadeslat,Seguidor
Erika_GT,Seguidor
mymchuy710,Seguidor
RLadiesComitan,Seguidor
BrecedaYuriam,Seguidor
marianaontivero,Seguidor
VictoReckoningM,Seguidor
crangel_tweet,Seguidor
CarlexGF,Seguidor
Stat_research_,Seguidor
hbarrancoc,Seguidor
MayellPaulina,Seguidor
vmontseromerom,Seguidor
kualote,Seguidor
pepehdzm,Seguidor
kars_leon,Seguidor
merolita666,Seguidor
rodasmilian,Seguidor
graceatomic,Seguidor
Ceronn_Andrea,Seguidor
UFS_Int,Seguidor
jdofalcon,Seguidor
peren_azu,Seguidor
Andreval0,Seguidor
jamotilla,Seguidor
hcaicedoc,Seguidor
elvisoliveram,Seguidor
estr2525,Seguidor
rebengram,Seguidor
LiIiaana,Seguidor
jpool25,Seguidor
BrendaPaulinaV,Seguidor
almiuxcs,Seguidor
ceromaldad_,Seguidor
FranciscaOrtizR,Seguidor
nancybocaz,Seguidor
Diamar1712,Seguidor
cristianaft,Seguidor
MarFeLoo,Seguidor
ItziaAlonso,Seguidor
maggieva86,Seguidor
kabrito100,Seguidor
gabsflors,Seguidor
KeaneNalle,Seguidor
Marilu_Del_Luna,Seguidor
regivalestar,Seguidor
stan_1_stan,Seguidor
Mel_miel,Seguidor
nicolasfigueroa,Seguidor
AlexLuxemburgo,Seguidor
NefelibataSoy,Seguidor
_xony,Seguidor
RLadiesUrmia,Seguidor
amejiaa,Seguidor
mucio_osorio,Seguidor
mez_ge,Seguidor
patosilveyra,Seguidor
hescalar,Seguidor
LauVioletaMx,Seguidor
fabiosinacento,Seguidor
Andy44_Esteban,Seguidor
ModicaLuciana,Seguidor
odalysescala,Seguidor
franciscofvg,Seguidor
CuestaCaroll,Seguidor
francisco_yira,Seguidor
tamarapachamama,Seguidor
romi_rockk,Seguidor
XiRr3,Seguidor
cs_cheburashka,Seguidor
Cintia_C_Leon,Seguidor
Dianaa_Javier,Seguidor
Bereeps,Seguidor
MitziCubilla,Seguidor
salvador_alc,Seguidor
RLadiesTunis,Seguidor
imaginarial,Seguidor
KarinaAvils13,Seguidor
Alerssa,Seguidor
LauraReyna,Seguidor
Ruthsutam,Seguidor
sfloresa87,Seguidor
JaviMatuN,Seguidor
pavesipavesi,Seguidor
lorenacbllr,Seguidor
Barbietrans4mer,Seguidor
DNayeliMtz,Seguidor
leofn3,Seguidor
______ferrrrr,Seguidor
RLadiesColombo,Seguidor
Morena_ia,Seguidor
JaackieMondi,Seguidor
Lynnallisonr,Seguidor
RLadiesMedellin,Seguidor
AnaKatty50,Seguidor
Georguel,Seguidor
Cattiella,Seguidor
hilachasudaca,Seguidor
RocioPi4,Seguidor
pedro_morales_g,Seguidor
Pauli__Garcia,Seguidor
astromicronauta,Seguidor
rubenman,Seguidor
RocioValderram,Seguidor
ivaniamartineza,Seguidor
RLadiesJujuy,Seguidor
Fran_science,Seguidor
lidiasantana,Seguidor
diana_ca123,Seguidor
xaairg,Seguidor
estrolin,Seguidor
marcoesstt,Seguidor
Mariianiita_mar,Seguidor
PedroVallejo4,Seguidor
Ayun_kelu,Seguidor
chicadelvolcan,Seguidor
RocaYamilee,Seguidor
Datacritica,Seguidor
ArlesMD,Seguidor
IntiLeonardo,Seguidor
thiyangt,Seguidor
amanuelagut,Seguidor
DanielOberski,Seguidor
PaulaAlcarz1,Seguidor
gerald2587,Seguidor
BrenoGiberti,Seguidor
yuyi_cr,Seguidor
BrendaFBorbon,Seguidor
BlackEnd_33,Seguidor
Ehatl,Seguidor
datosgob,Seguidor
NadiaJilisha,Seguidor
JudithANieto,Seguidor
AnaGabrielaRV_,Seguidor
elisulvarang,Seguidor
BiotechSamantha,Seguidor
franz_gerardo,Seguidor
Paulaerys,Seguidor
ValeAlvarado5,Seguidor
ilianara9,Seguidor
emilopezcano,Seguidor
amadeob12,Seguidor
migpsi,Seguidor
gabatronica,Seguidor
RLadiesUtrecht,Seguidor
gabysued,Seguidor
Gata_Incoolta,Seguidor
_beoutliers,Seguidor
DLilaki,Seguidor
KianRock87,Seguidor
Ely_Manjarrezz,Seguidor
CaroB_11,Seguidor
NutrieBurocrate,Seguidor
NutriaYonsei,Seguidor
elinagomezb,Seguidor
sagmol,Seguidor
MaryJaneRivero7,Seguidor
SaraiBata,Seguidor
glazul,Seguidor
JanetGGA,Seguidor
BrendyVh,Seguidor
ileanizima,Seguidor
_danisse__,Seguidor
BarjonCar,Seguidor
shereirap,Seguidor
Ramoncita,Seguidor
RLadiesCusco,Seguidor
lizeth_geo,Seguidor
jazlopps,Seguidor
gabs_hidalgo,Seguidor
samueldgamboa,Seguidor
cuzucos,Seguidor
solisdd,Seguidor
elgatonipon,Seguidor
caroduzu7,Seguidor
dania_rmendez,Seguidor
laura_romelia,Seguidor
IamSomnya,Seguidor
RoyoChavarria,Seguidor
gimmybertoni,Seguidor
CeliaWarrior,Seguidor
RLadiesBquilla,Seguidor
rladiesrp,Seguidor
imaginamel,Seguidor
Kalorev,Seguidor
blucantia,Seguidor
timeywimeycat,Seguidor
Edson_JohnSG,Seguidor
AguMeloDelpiano,Seguidor
_akaarigato,Seguidor
Alfayuset,Seguidor
RLadiesAgs,Seguidor
_lalalau,Seguidor
mpadilla905,Seguidor
hacl_23,Seguidor
vadenuevo,Seguidor
Leticia81185924,Seguidor
gadnamx,Seguidor
AppBioscience,Seguidor
Terezoo2412,Seguidor
ki_tzitzi,Seguidor
ameyal_gomez,Seguidor
aLiNe_NaTuRe,Seguidor
datanerdses,Seguidor
cristina_mdelc,Seguidor
pabecer,Seguidor
RladiesAsuncion,Seguidor
mujeresciudadla,Seguidor
Paucaporal,Seguidor
Sunuosh,Seguidor
lore_something,Seguidor
floresa888,Seguidor
Pipi_Zor,Seguidor
EliSantiagoC,Seguidor
CentenoFederico,Seguidor
imor_entropia,Seguidor
regi_medina,Seguidor
RataScience,Seguidor
medmortis,Seguidor
jazmm97,Seguidor
MyrellMs,Seguidor
lauragabrysiak,Seguidor
YoEcon,Seguidor
RladiesPune,Seguidor
satRdayktm,Seguidor
joselin_ce,Seguidor
papalotl_v,Seguidor
morocha_lauriz,Seguidor
Ich_Valevals,Seguidor
eortegag,Seguidor
Maritere_UA,Seguidor
yefiquenti,Seguidor
Sibajap_n,Seguidor
saudadepc,Seguidor
RLadiesLexPark,Seguidor
r_manaus,Seguidor
SegoviaLd,Seguidor
rladiesgyn,Seguidor
nselem35,Seguidor
nanmorlan,Seguidor
RLadiesSthlm,Seguidor
DAchallma,Seguidor
KarlaSidon,Seguidor
elena_bl,Seguidor
ketzi_a,Seguidor
lyzpc,Seguidor
ClauPamMachado,Seguidor
mexclapique,Seguidor
fredygolgo,Seguidor
clarissaguevar,Seguidor
lodeag,Seguidor
casasolae,Seguidor
ceciescalanteh,Seguidor
irene_toporek,Seguidor
Klaaudebolsillo,Seguidor
LizethOlveraB_,Seguidor
Ger_aaah,Seguidor
Pop_Pablo,Seguidor
KarinaHeGa,Seguidor
RLadiesPuebla,Seguidor
MirnaVRL,Seguidor
jdvillar,Seguidor
mariajose_ove,Seguidor
cristycaceresb,Seguidor
NoeliaR96668279,Seguidor
Abel_vs,Seguidor
IntiOmics,Seguidor
DennisJemmy,Seguidor
InovasSpA,Seguidor
zuzanneta,Seguidor
LuisaReyesMedi1,Seguidor
RLadiesConce,Seguidor
Victor_Gayol,Seguidor
R4DS_es,Seguidor
alc_gg,Seguidor
dm_negrita,Seguidor
anuskig,Seguidor
DianaBaptistaR,Seguidor
delatorre_paco,Seguidor
hsarayg,Seguidor
KarlaMRodrguez2,Seguidor
LadiesAthens,Seguidor
Fmaros,Seguidor
rladies_iwd,Seguidor
gustavorrhh,Seguidor
IntegratekMX,Seguidor
RLadiesBogota,Seguidor
heufe,Seguidor
tatatrapita,Seguidor
argininaa,Seguidor
Uribis,Seguidor
RladiesBari,Seguidor
jovasepe,Seguidor
renbaires,Seguidor
CuitlahuacMX,Seguidor
RLadiesPhilly,Seguidor
kawaiilunatic,Seguidor
RLadiesKtm,Seguidor
JKniffki,Seguidor
rgarciasandoval,Seguidor
OfficialRfast,Seguidor
DIANMAP,Seguidor
RLadiesSD,Seguidor
muamua22,Seguidor
jmorale840801,Seguidor
datatalk2me,Seguidor
ptorresraposo,Seguidor
almatenorio,Seguidor
ShinojMahe3,Seguidor
ShelmaCerrillo,Seguidor
ceciliadolago,Seguidor
FNMorSer,Seguidor
Danielvc141282,Seguidor
e_sotog,Seguidor
Paulav16,Seguidor
lcolladotor,Seguidor
rodul123,Seguidor
yasquintana_,Seguidor
RLadiesMunich,Seguidor
WWCodeCDMX,Seguidor
MejiaDNancy,Seguidor
RLadiesVicBC,Seguidor
RLadiesBH,Seguidor
myrianaguilar73,Seguidor
ozapataquijano,Seguidor
RLadiesSantaFe,Seguidor
LearnRinaDay,Seguidor
RLadiesCville,Seguidor
Data_Sue_ATX,Seguidor
ReneWelch,Seguidor
magagasa,Seguidor
RLadiesNYC,Seguidor
FioreFloresC,Seguidor
PatCuriel,Seguidor
RLadiesLouville,Seguidor
DallasRladies,Seguidor
ScientistSMC,Seguidor
esaneoliberal,Seguidor
rossanael,Seguidor
LindseyDietz13,Seguidor
atervasoul,Seguidor
pepe6,Seguidor
pedrogk,Seguidor
RLadiesLausanne,Seguidor
JuniorO_M,Seguidor
RLadiesTucson,Seguidor
RladiesBrussels,Seguidor
zurayahuizar,Seguidor
R_Forwards,Seguidor
EugeniaGilGarc1,Seguidor
RLadiesPOA,Seguidor
vbern,Seguidor
alice_data,Seguidor
RLadiesLivUK,Seguidor
BertisD,Seguidor
FdzulM,Seguidor
RLadiesSTL,Seguidor
Laluito,Seguidor
waltterval,Seguidor
geografiard,Seguidor
rladies_sjcr,Seguidor
uvuh,Seguidor
comluac,Seguidor
RLadiesBoston,Seguidor
RLadiesNatal,Seguidor
RLadiesCapeTown,Seguidor
RLadiesMNE,Seguidor
course_hour,Seguidor
DayannaTipan,Seguidor
RLadiesQuito,Seguidor
EliaGVillegasL,Seguidor
carolina_sfrias,Seguidor
RLadiesMVD,Seguidor
RLadiesSF,Seguidor
RLadiesBelgrade,Seguidor
vilsurr,Seguidor
IsabellaGollini,Seguidor
darokun,Seguidor
RLadiesBCN,Seguidor
RLadiesDublin,Seguidor
davidmeza1,Seguidor
RLadiesIstanbul,Seguidor
RLadiesMAD,Seguidor
RLadiesLA,Seguidor
jmonoxide2000,Seguidor
RLadiesOrlando,Seguidor
RLadiesSR,Seguidor
gdequeiroz,Seguidor
espejolento,Seguidor
JAraosHenriquez,Seguidor
ProyectoPAIS4,Seguidor
LinaVillegasT,Seguidor
clopezcorrea,Seguidor
TereParra19,Seguidor
michelli_gf,Seguidor
CabezasMera,Seguidor
GetGenome,Seguidor
maiakovska,Seguidor
dayanajarma,Seguidor
mticllacc,Seguidor
dejenie21,Seguidor
BioinfoMOBR,Seguidor
360CRISPRCAS,Seguidor
AfaqueA51862894,Seguidor
JJaimeMarti,Seguidor
ElMasLampara,Seguidor
Arwa03690,Seguidor
draclaudiapb,Seguidor
AndreaL59456360,Seguidor
PerMedCoE,Seguidor
Caixetabh,Seguidor
Flyteek_courses,Seguidor
julianr54474440,Seguidor
MariaFe02397185,Seguidor
PaulaDeAlba6,Seguidor
cortes_higareda,Seguidor
rpb1503,Seguidor
SureshDevan14,Seguidor
ALeon57341252,Seguidor
seh2_bioinfo,Seguidor
LauraVPisa,Seguidor
hamarillo_,Seguidor
lustar0809,Seguidor
tinclaclau,Seguidor
DanihereraT,Seguidor
alerougon,Seguidor
alidiazc,Seguidor
ja_campillo,Seguidor
brendacabreram,Seguidor
Kth2626,Seguidor
DeBioquimica,Seguidor
charslanali48,Seguidor
reyes_oksana,Seguidor
Sofy_Sunflower,Seguidor
COG_Train,Seguidor
ForeroJunco,Seguidor
Azal65753390,Seguidor
Josepci,Seguidor
Copito681067851,Seguidor
Many83478946,Seguidor
CoVinformatics,Seguidor
dianap_mtz,Seguidor
valeria8a97,Seguidor
MauraLRojas1,Seguidor
elenocaballero,Seguidor
guilhermeribas,Seguidor
EtieleSenna,Seguidor
MarxLima,Seguidor
JuanUgaldeC,Seguidor
ITN_PARENT,Seguidor
Kath_Vallejos,Seguidor
vida_nouveau,Seguidor
PaulaFe93325192,Seguidor
vaiquedabom,Seguidor
GitanjaliTandon,Seguidor
DanielO40189004,Seguidor
RiaBioNet,Seguidor
chicoma_angel,Seguidor
PilarPlastine,Seguidor
iabimo,Seguidor
kndiiv,Seguidor
andressa_mv,Seguidor
Marlon_archez,Seguidor
Percy_tullumeV,Seguidor
Tony_ovallec,Seguidor
DaveKirtan,Seguidor
CuellarTrilce,Seguidor
LegadodeDarwin,Seguidor
SusanaCorcino,Seguidor
firereader,Seguidor
karlaarz,Seguidor
glpuga,Seguidor
ASTRIDa_1612,Seguidor
ana_pau_15,Seguidor
victoriamencu,Seguidor
SosaChrystian,Seguidor
AyubMagombe,Seguidor
llcalado,Seguidor
BaBalogog,Seguidor
_franroca,Seguidor
mariscal_osuna,Seguidor
FlvioFe29442413,Seguidor
GarciaYanac,Seguidor
KarenCorrales_3,Seguidor
peppermintlost,Seguidor
LaMatemaga,Seguidor
termitavioleta,Seguidor
AnaCastillo_51,Seguidor
Deliana_Infante,Seguidor
DeepBiology,Seguidor
Ebh_mayra,Seguidor
mariacalvarezs1,Seguidor
Fran_d_o,Seguidor
Savi_ale,Seguidor
MarcelaAlida,Seguidor
_JBallesterosV,Seguidor
Hamutay_Ciencia,Seguidor
Tefatarisal1,Seguidor
BioMatta,Seguidor
microbemx,Seguidor
hexylena,Seguidor
kykeplazas,Seguidor
RwandaSynbio,Seguidor
EstanMarq,Seguidor
scbioinfo,Seguidor
luneta_luneti,Seguidor
Cd_s01,Seguidor
WendiBacon1,Seguidor
osunasquare,Seguidor
zaidrdnxla,Seguidor
anunicorn1um,Seguidor
JuanDduquez,Seguidor
SumariYhony,Seguidor
agus3260,Seguidor
LifeSciTrainers,Seguidor
MarsBioinfoperu,Seguidor
nnb_unam,Seguidor
ponce_richard,Seguidor
JCarlosLol2,Seguidor
divulic,Seguidor
yooodavo,Seguidor
DanielAldas,Seguidor
serendipia4,Seguidor
ZulmaCucunuba,Seguidor
maurogis,Seguidor
kath_1020,Seguidor
rayomics,Seguidor
drssmufer,Seguidor
gcgiudicelli,Seguidor
Cony_mayordomo,Seguidor
Claudia_Silva_A,Seguidor
bioinfonoa,Seguidor
sooookieeee,Seguidor
TalhiaMtzBur,Seguidor
AntonioFC19,Seguidor
JCamila2410,Seguidor
johnjflorezv,Seguidor
MMDidierGarnham,Seguidor
limaf_leticia,Seguidor
YuracRumi,Seguidor
alicepn,Seguidor
2YasmineMANSOUR,Seguidor
H3ABioNet,Seguidor
Mina_2912,Seguidor
memoberumen87,Seguidor
aayaka21,Seguidor
JohanaEDF,Seguidor
apfuentes7,Seguidor
emagallong,Seguidor
Garrett_Lab,Seguidor
peptidicos,Seguidor
victorcana1,Seguidor
ruiz_moreno_aj,Seguidor
peznii,Seguidor
MarthaChapa18,Seguidor
CarlosFrdez,Seguidor
mariguilardi,Seguidor
MaribelHeRo,Seguidor
laura_moj,Seguidor
keypairs,Seguidor
karinaecomp,Seguidor
KaoruYoko2,Seguidor
LizconZeta_,Seguidor
MarioNunes,Seguidor
ISCB_RSGPeru,Seguidor
solangerpm1,Seguidor
CamilaMClemente,Seguidor
beatrizkfoury,Seguidor
mariluone1,Seguidor
ggentiletti,Seguidor
Pio_Soto,Seguidor
CrawfordAJ,Seguidor
Nandox_85,Seguidor
tulipannegro26,Seguidor
AlvarezRobertoC,Seguidor
LucasADefelipe,Seguidor
vanesotjim,Seguidor
cdnstp,Seguidor
sarach06,Seguidor
profViniAbreu,Seguidor
MacarenaBolRo,Seguidor
molinacati21,Seguidor
labsergen,Seguidor
TamSternlieb,Seguidor
thalassophileRM,Seguidor
BENsembl,Seguidor
TatianaAriasGar,Seguidor
gsandovalp,Seguidor
APerez2104,Seguidor
maposinlentes,Seguidor
Joe_Lucero_,Seguidor
rodtheodoro,Seguidor
vitoriacatarin,Seguidor
florbenitez_7,Seguidor
Gabi_Merino,Seguidor
cristina_buslje,Seguidor
SINemirovsky,Seguidor
pauli_cm,Seguidor
cxarramirez,Seguidor
molbiosystems,Seguidor
EarlhamInst,Seguidor
silargi,Seguidor
ensembl,Seguidor
fdiazviraque,Seguidor
glicht22,Seguidor
SheilaNagamatsu,Seguidor
SabrinaFaraone,Seguidor
rbistolfi,Seguidor
Transpaenclave,Seguidor
IDRC_LAC,Seguidor
LnCaba,Seguidor
felipecortez,Seguidor
unahistoriadora,Seguidor
stella88baez,Seguidor
Reciaria,Seguidor
devenirmujer,Seguidor
capitanvenenoo,Seguidor
jgjimenezb,Seguidor
CicadaUy,Seguidor
AlejandraDinegr,Seguidor
Noelia_Burgardt,Seguidor
Sara42924946,Seguidor
manolorojasv,Seguidor
gastonbujia,Seguidor
ale_kaufman,Seguidor
UlisesMoya12,Seguidor
CaterinaRodelli,Seguidor
caycedo_c,Seguidor
_thetechreport,Seguidor
ClaraDiazYofre,Seguidor
luisgbx,Seguidor
Nataliafarahd,Seguidor
eltanquemartins,Seguidor
Andrella87,Seguidor
j_andresman_c,Seguidor
aguscalc,Seguidor
vitosfriso,Seguidor
claracremona,Seguidor
infoespodercl,Seguidor
CynthiaSrnec,Seguidor
jennlopera,Seguidor
abctelmo_,Seguidor
PhiTech_,Seguidor
_bit_bang_,Seguidor
mucibac,Seguidor
munozcarola,Seguidor
MerdelMar,Seguidor
DarkPreider,Seguidor
SCarlen64141432,Seguidor
Lili_Anaz,Seguidor
PazTatia,Seguidor
jeanfischetti,Seguidor
nellalela,Seguidor
MadoffArgentino,Seguidor
GiorgelliJulia,Seguidor
RoSerrallonga,Seguidor
simenon,Seguidor
_papi_tocino,Seguidor
kmedinaceli,Seguidor
mariabadilloj,Seguidor
aguspasaragua,Seguidor
quirnocostamaca,Seguidor
DanitaDist,Seguidor
lematrioska,Seguidor
AlessiaZucchett,Seguidor
PalomaSzerman,Seguidor
AAIPargentina,Seguidor
infosegurIT,Seguidor
lulurrutia,Seguidor
conurfloki,Seguidor
CEICADE_AC,Seguidor
santibescho,Seguidor
_tecnologicas,Seguidor
algovengadores,Seguidor
badwolf924,Seguidor
procomptei0,Seguidor
etnosonicaradio,Seguidor
PaulaCsiga,Seguidor
gabruneau,Seguidor
DGarcia_AR,Seguidor
helmercampillo,Seguidor
endif_ok,Seguidor
donpowa,Seguidor
rodrigotesone97,Seguidor
centrumcyfrowe,Seguidor
dickkawooya,Seguidor
ailin_portas,Seguidor
campamocha7,Seguidor
raipefel,Seguidor
juanita25607868,Seguidor
salocinvh,Seguidor
AdaptGlobal,Seguidor
LenaSofa1,Seguidor
mgonzov,Seguidor
TurenaFloresE,Seguidor
Nainalii,Seguidor
matu_anton,Seguidor
ddanisanto,Seguidor
WahbieM89695756,Seguidor
_hashmin_,Seguidor
pitucaffarone,Seguidor
LauraSilviaGam1,Seguidor
merovery,Seguidor
_AlanRG,Seguidor
ClaraD_Y,Seguidor
royyla15,Seguidor
iamjulio_ok,Seguidor
juancorzamar,Seguidor
maruNoOk,Seguidor
ritaforever2006,Seguidor
maiciolfi,Seguidor
yulsay,Seguidor
b3llmax,Seguidor
noseastanboludx,Seguidor
Mariwell,Seguidor
GriseldaIbana,Seguidor
belenesima,Seguidor
niunSiniunNo,Seguidor
seyeradys,Seguidor
C10Igna,Seguidor
valquinaa,Seguidor
LuisRomeroMonro,Seguidor
yeola26,Seguidor
Fer89699363,Seguidor
leobasilico,Seguidor
ivanafeld,Seguidor
BautistaDalmass,Seguidor
JuanoFernandezG,Seguidor
aAliceLana,Seguidor
jexad3cimal,Seguidor
CaroDazaPhys,Seguidor
Mishka_GD,Seguidor
Fernand_okis,Seguidor
marianou18,Seguidor
sebasped,Seguidor
CandeSanRoman,Seguidor
AlterMundiNet,Seguidor
movimientoglbt2,Seguidor
polacanichajew,Seguidor
marmarseg,Seguidor
AlSurOrgs,Seguidor
Jornuevaescuela,Seguidor
paulaszewach,Seguidor
AmyCGC,Seguidor
GermanBeltzerXQ,Seguidor
cesarriat,Seguidor
AlmitraniMartin,Seguidor
fermartoru,Seguidor
varugalde,Seguidor
AngieConter,Seguidor
franco_digital,Seguidor
kissimagarcia,Seguidor
fwernerv,Seguidor
centroISUR,Seguidor
commonsnetwork,Seguidor
EtilabCo,Seguidor
barbyli,Seguidor
PStropparo,Seguidor
matias_kuhn23,Seguidor
itdivulgacion,Seguidor
delizzy65,Seguidor
Mad_maps,Seguidor
seppo0011,Seguidor
mikepalmedo,Seguidor
en_uai,Seguidor
soy_yazareth,Seguidor
AliciaOcaso1,Seguidor
consejeriadelr1,Seguidor
Rowito1,Seguidor
Augusto_Del_Mar,Seguidor
rnoerr,Seguidor
florvergniaud,Seguidor
MariCiaschini,Seguidor
ortsaoroz,Seguidor
natyq0821,Seguidor
pablomar76,Seguidor
Dilbert_inge,Seguidor
RomiSol0609,Seguidor
rocikuanip,Seguidor
SMCplus,Seguidor
Lucas_Oliaro,Seguidor
mogliapau,Seguidor
jj_colato,Seguidor
fedeapablaza,Seguidor
mpardolaw,Seguidor
virgilio_sacha,Seguidor
PueriPulcherMik,Seguidor
RodrigoACuenca,Seguidor
fabianele,Seguidor
SilOjeda,Seguidor
SIGCI1,Seguidor
DavaraAbogados,Seguidor
masintegridadmx,Seguidor
lapendagus,Seguidor
tatiavend,Seguidor
Eibarra_S,Seguidor
EmpatiaL,Seguidor
R_InfanteAsto,Seguidor
CestpourC,Seguidor
gritt_ufpe,Seguidor
vcotik,Seguidor
doctorow,Seguidor
DemoTechAL,Seguidor
jaaklac,Seguidor
lphinojosa,Seguidor
dramosgutierrez,Seguidor
LaTaniaLi,Seguidor
suzetag,Seguidor
RodeemosDialogo,Seguidor
Huxir_Esp,Seguidor
Empoderatez,Seguidor
martin_ayerbe,Seguidor
DataminingDC,Seguidor
AgustinGravano,Seguidor
ISICRI4,Seguidor
arikrochik,Seguidor
AleOta4,Seguidor
duro_alejandro,Seguidor
laxmiasnani,Seguidor
AndreaUrbas,Seguidor
Ro_Rodich,Seguidor
Sabri_Quinteros,Seguidor
ArmoniaSomers,Seguidor
majomang,Seguidor
agustingarzon,Seguidor
fdjaimeee,Seguidor
nekuz,Seguidor
smendoz22,Seguidor
nico_grossman,Seguidor
dfratesi,Seguidor
joacobntz,Seguidor
jefferson_agb,Seguidor
paurrhh,Seguidor
AMV789,Seguidor
rittapok,Seguidor
sebaaeu,Seguidor
ua2128,Seguidor
AlejoKeuro,Seguidor
FSGONZALEZC,Seguidor
LightValdatti,Seguidor
kurtkb,Seguidor
panchovera,Seguidor
FerSCba,Seguidor
Darogauna,Seguidor
mmicaelack,Seguidor
davaSEAP,Seguidor
florr1493,Seguidor
dmtancredi,Seguidor
sandragesis,Seguidor
RACalzolari,Seguidor
CaticoD,Seguidor
carlamcorvalan,Seguidor
JPatagonico,Seguidor
reddish2,Seguidor
srmanuq,Seguidor
contardorm,Seguidor
itatir1,Seguidor
ViviRangel88,Seguidor
michelrosouza,Seguidor
paulinagtzr,Seguidor
fondo_Indela,Seguidor
Sociabilidad,Seguidor
kantrahn,Seguidor
maria_fg,Seguidor
NatyEsquenazi,Seguidor
chardobordon,Seguidor
mvaldeb,Seguidor
cabildox,Seguidor
psychobabbleh,Seguidor
Alediaganet,Seguidor
quesitobrie,Seguidor
kcoira,Seguidor
lorenapaz,Seguidor
maridarricades,Seguidor
anabellazamora,Seguidor
gigena_hernan,Seguidor
cervy_0,Seguidor
mundomarino_,Seguidor
wikimedia_cl,Seguidor
InnovMonitoreo,Seguidor
IngresoCiudada2,Seguidor
ProgramaAEDuns,Seguidor
CocoonProfesor,Seguidor
jlordelin,Seguidor
MauroTalevi,Seguidor
liradelira0,Seguidor
AsuntosDelSur,Seguidor
jbschmnn,Seguidor
grego_sh,Seguidor
fanetin,Seguidor
JavierValenciaP,Seguidor
Nico_Doallo,Seguidor
Aldivaras,Seguidor
juangril,Seguidor
AgusHeb,Seguidor
Lemeit,Seguidor
MGuerchunoff,Seguidor
VladimirChorny1,Seguidor
tristana_prod,Seguidor
MaguLonati,Seguidor
Sol_Bajar,Seguidor
brypto,Seguidor
PauGorosito,Seguidor
cecinavarro,Seguidor
MarcosPar78,Seguidor
Jh0n_viaLibre,Seguidor
camargolescano,Seguidor
diegodlh,Seguidor
GarLiz,Seguidor
otro_agustin,Seguidor
Melimueca,Seguidor
WCL_PIJIP,Seguidor
31b1ana,Seguidor
ComputacionUBA,Seguidor
veri_alimonti,Seguidor
kevmansilla,Seguidor
luanjanel,Seguidor
Transistemas1,Seguidor
julifzx,Seguidor
Sof_Vic__,Seguidor
orne_dm,Seguidor
belendellas,Seguidor
rojasperio,Seguidor
soymarilina_ok,Seguidor
aldana_almada_,Seguidor
renatabsas,Seguidor
BiaREstevam,Seguidor
ACarolinaLedezm,Seguidor
VillateCristina,Seguidor
ale_jungs,Seguidor
rachemath,Seguidor
belengirardo,Seguidor
nezse8,Seguidor
Malevajedelsur,Seguidor
sdsn_TReNDS,Seguidor
julia_iriarte,Seguidor
microstandard,Seguidor
soynykka,Seguidor
flaco_bruno,Seguidor
tinysea__,Seguidor
YebrinJose,Seguidor
Floranoflo,Seguidor
enndlessl0ve,Seguidor
LucilaC60806431,Seguidor
GamezConZ,Seguidor
FabCort3s,Seguidor
diancomolaflor,Seguidor
data_data_data_,Seguidor
renatafrade,Seguidor
anaboggio,Seguidor
SuanyQuesada,Seguidor
amanda_frades,Seguidor
anakaro13,Seguidor
Guty_gu,Seguidor
josea_ovando,Seguidor
ilazaro,Seguidor
nicantox,Seguidor
gabrieladiazgrc,Seguidor
LunaAi5,Seguidor
Priscila_jpg,Seguidor
rorypasteura,Seguidor
ostriniuk,Seguidor
Cookie_chips22,Seguidor
zambrana_romina,Seguidor
LaNit01843520,Seguidor
unholywxtch,Seguidor
salvi_izabel,Seguidor
BernerFrederico,Seguidor
eoz21,Seguidor
luliblv,Seguidor
nriattovictor,Seguidor
marianaca_29,Seguidor
DannGerez,Seguidor
andycrash2,Seguidor
FabinHuerta8,Seguidor
iroggi,Seguidor
lanaboggia,Seguidor
sosareccia,Seguidor
boschi_javier,Seguidor
kenchucjs,Seguidor
SoAmherdt,Seguidor
galansinopaula,Seguidor
BrazilPythonWS,Seguidor
SofiaSola__,Seguidor
LilithtapiaM,Seguidor
DaviranDenisse,Seguidor
lakaryA,Seguidor
sberossi,Seguidor
BernardMarr,Seguidor
VenezolanasTech,Seguidor
MiguelBarrazaAr,Seguidor
CynHg,Seguidor
canario01x,Seguidor
lumbreras,Seguidor
vino_flores,Seguidor
luisenrique05,Seguidor
EldelRh,Seguidor
iscbrsgchile,Seguidor
EdaEVK1,Seguidor
pridiltal,Seguidor
itr_Sabri,Seguidor
cnetapia,Seguidor
AkloulK,Seguidor
heliahu,Seguidor
Fersperezprado,Seguidor
TerranovaDaiana,Seguidor
Janegoodallfem,Seguidor
PaltaSalyLimon,Seguidor
dannypreciado_,Seguidor
sil_sb,Seguidor
DansPablo,Seguidor
DaroNieto,Seguidor
puerta_18,Seguidor
gigenalucian,Seguidor
carlarevalow,Seguidor
crypto_mujeres,Seguidor
MiqaelaReynoso,Seguidor
SnmFlor,Seguidor
elizaspm1,Seguidor
fedesca,Seguidor
chencc33,Seguidor
TaniaSe04405848,Seguidor
DianaramirezRoa,Seguidor
AcaMartinCambio,Seguidor
TatianaRevilla,Seguidor
Nomegustanlos1,Seguidor
euroluar,Seguidor
ana_cortazzo,Seguidor
MarinaFloresM,Seguidor
AiluAlt_,Seguidor
J0rg3M4rt1n,Seguidor
wikimediaco,Seguidor
Joserousseaux,Seguidor
bio_integral_ar,Seguidor
mausandia,Seguidor
CezarLuquine,Seguidor
metik,Seguidor
McabaX,Seguidor
melisadigiacomo,Seguidor
PinchuDuarte,Seguidor
TeacherGri,Seguidor
c331837,Seguidor
foxromina1,Seguidor
darkdrikss,Seguidor
chavidev,Seguidor
OrjiucheRose,Seguidor
nana_pipi_nana,Seguidor
Chester82811623,Seguidor
Daam1Adam,Seguidor
CandeCurto,Seguidor
desteferi,Seguidor
Technolatinas,Seguidor
lula_mento,Seguidor
lab_A_R,Seguidor
IndaMarcelaR,Seguidor
virgorosito__,Seguidor
generoconclase,Seguidor
CeciliaTomassi1,Seguidor
arezou_arvand,Seguidor
shilpa93121,Seguidor
daigonvenez,Seguidor
GataPampa,Seguidor
laura_schmitman,Seguidor
MFTorresJ,Seguidor
RLadiesSalvador,Seguidor
odegichile,Seguidor
agnahizq,Seguidor
TierraColBC,Seguidor
pedrobonafeok,Seguidor
craudeala,Seguidor
AbbyCha08227228,Seguidor
SGiovanan,Seguidor
sespinoza,Seguidor
FlamingJune12,Seguidor
LauLanau,Seguidor
Pensamientoest2,Seguidor
linagarciap,Seguidor
Joyeuse01735856,Seguidor
sggabriela,Seguidor
institutohumai,Seguidor
Sharmi_goswami,Seguidor
CissaGatto,Seguidor
_Mitpam_,Seguidor
marion_nyaboke,Seguidor
lucy_njokinjuki,Seguidor
FilgueirasOrtiz,Seguidor
SicaruMC,Seguidor
vero_dev,Seguidor
mildred_iriarte,Seguidor
soldomijan,Seguidor
ECOuture9,Seguidor
matherrorcursos,Seguidor
coralpe,Seguidor
MPaolaMartinez,Seguidor
Araceli85212863,Seguidor
ivanagonzalezok,Seguidor
tgutierrezb,Seguidor
gabbyscmx,Seguidor
anabelberumen,Seguidor
acpetrelli,Seguidor
juanola_r,Seguidor
Tamimart_,Seguidor
QuispePatricia3,Seguidor
BlueCloud_Massi,Seguidor
solemackeon,Seguidor
Tali_tuli,Seguidor
rociocarle,Seguidor
Nanibar2,Seguidor
guadampereyr,Seguidor
PlanetarioCun,Seguidor
hpallaoro,Seguidor
dchamorro91,Seguidor
MaribelFraire95,Seguidor
PaulaFe62577048,Seguidor
kes1990,Seguidor
paulibg,Seguidor
mica_chapuis,Seguidor
lacuentadeflor,Seguidor
iriaurania,Seguidor
mvaleriapau,Seguidor
zuleykazar,Seguidor
pri_ef25,Seguidor
EmilioRecart,Seguidor
MacaVillamea,Seguidor
ARMANNIPUBLIART,Seguidor
karinamigranta,Seguidor
parentinscience,Seguidor
YanelBernardi,Seguidor
CintiaMar6,Seguidor
Marilinlives,Seguidor
RocioAlvarezVa2,Seguidor
FreeL138_,Seguidor
OliveraGabi,Seguidor
2140Sole,Seguidor
jesicheca,Seguidor
eltoquecom,Seguidor
maczapp1,Seguidor
Darling_esco,Seguidor
Tai_Rocha_,Seguidor
Veloci_Kit,Seguidor
mnhasan5847,Seguidor
Claudia_Laudano,Seguidor
ingridurrut,Seguidor
intesky,Seguidor
Lkfpaez,Seguidor
_vaguti,Seguidor
laktarov,Seguidor
SoledadH,Seguidor
verionna,Seguidor
RLadiesELansing,Seguidor
acosta_camiA,Seguidor
avelunv,Seguidor
joselina_bea,Seguidor
liaa_icc,Seguidor
tequilayrron,Seguidor
bizinellid,Seguidor
fran_canulef,Seguidor
RLadiesBergen,Seguidor
uxenie,Seguidor
JazzDiazOK90,Seguidor
BGendin,Seguidor
Laurismarte,Seguidor
paocarrion1988,Seguidor
badsci23,Seguidor
nairansant,Seguidor
rp_magali,Seguidor
poluhochi,Seguidor
artegata_,Seguidor
Klezakar,Seguidor
gbrajter,Seguidor
ClaraOlmos,Seguidor
Camilaines13,Seguidor
BarbDMG,Seguidor
NareG4rcia,Seguidor
Conurbanaa_,Seguidor
CamiAMarcotegui,Seguidor
luz_ayus,Seguidor
VaninaOtero_IT,Seguidor
gamelicchio,Seguidor
s_o_fita,Seguidor
coria_valeria,Seguidor
tomova_viktoria,Seguidor
HeyZist,Seguidor
EquipoELA,Seguidor
JosefinaRossiM,Seguidor
jesufalcon,Seguidor
Lucianaych87,Seguidor
MilichaArcaya,Seguidor
ella_programa,Seguidor
DialogoSocialEE,Seguidor
fergilaa,Seguidor
genderdatalab,Seguidor
naylacontrerasm,Seguidor
marianpuglia,Seguidor
Gtrebotic,Seguidor
rafa_zanatta,Seguidor
monkeypacher,Seguidor
FarettaFlor,Seguidor
WorkertechArg,Seguidor
luz_acera,Seguidor
ni2dedosdfrente,Seguidor
martinahackbart,Seguidor
DzeSheila,Seguidor
IronixGirl,Seguidor
python_sanra,Seguidor
RominaCassettai,Seguidor
Lonettap,Seguidor
launacst,Seguidor
Jaz_Saavedra,Seguidor
chibiusagi_moon,Seguidor
qondacontwiter,Seguidor
FlopyHeine,Seguidor
Mariep_6,Seguidor
LucilaWho,Seguidor
Larislazuli24,Seguidor
ella_es_adriana,Seguidor
nuriadicecosas,Seguidor
AnaCanoa19,Seguidor
GabaDev7,Seguidor
piscesinthemoon,Seguidor
aliet_7,Seguidor
DugoPatricio,Seguidor
VirCid,Seguidor
nacidaenvenus,Seguidor
Sofi_Flamarique,Seguidor
Melaniak03,Seguidor
Alkimia_Aubel,Seguidor
ceciespada,Seguidor
laumo86,Seguidor
bonvoylore,Seguidor
MaguiMoreno24,Seguidor
caro_contre,Seguidor
aldurepetto,Seguidor
DaiBrangold,Seguidor
FlopBonnie,Seguidor
GiyiSanchez,Seguidor
victoriablasko3,Seguidor
micaelalv__,Seguidor
isafortuna_,Seguidor
bgreinfeld,Seguidor
NahirCaamano,Seguidor
lau_artz,Seguidor
altavoz_sc,Seguidor
itsnicolearias,Seguidor
Facundozz,Seguidor
OBaldion,Seguidor
cristinalarte,Seguidor
MACirese,Seguidor
GabeBM2588,Seguidor
Lupeesan,Seguidor
lumr7,Seguidor
cryptolagtard,Seguidor
Musicaporfavor6,Seguidor
recruiternico,Seguidor
hadalupita,Seguidor
verazel,Seguidor
opinadordcosas,Seguidor
estefvsq,Seguidor
soficardoso08,Seguidor
sigsegura,Seguidor
Jora_the_eater,Seguidor
Solcitoou1,Seguidor
javobernardo,Seguidor
CamiBel87,Seguidor
galalinda,Seguidor
LauYamel,Seguidor
arrigoni_paula,Seguidor
an_aram,Seguidor
RocioBelenAco15,Seguidor
Nrd81343413,Seguidor
JaureguiAdri,Seguidor
fip3torrejon,Seguidor
matiasnrb,Seguidor
JulietaDalmass,Seguidor
EiglesO,Seguidor
hilosint3resan3,Seguidor
arielmartire,Seguidor
smartqubit,Seguidor
Edoorol,Seguidor
Veronicamo8,Seguidor
FlorenciaSartor,Seguidor
Aguslollini,Seguidor
sastre_viviana,Seguidor
RenxoRam,Seguidor
GET_CommunityM,Seguidor
F_Castt,Seguidor
othocuentista,Seguidor
chaemusician,Seguidor
GuadaAtienza,Seguidor
bastimapache,Seguidor
vicagarcio,Seguidor
Dai_egmz,Seguidor
GabrielaCuest16,Seguidor
prensacholacano,Seguidor
rutsitaborges,Seguidor
pennini_velen,Seguidor
EvaBona2,Seguidor
rocoriasingla,Seguidor
vcapito22,Seguidor
AyeNally,Seguidor
ccarla45,Seguidor
KatyCosic,Seguidor
edu82ok,Seguidor
FrankeinsteinE1,Seguidor
ameeq7746,Seguidor
NoirFabi,Seguidor
aalejandrom06,Seguidor
PipingHotData,Seguidor
Suppenkasper110,Seguidor
rstatstips_es,Seguidor
ShinyConf,Seguidor
qbwoa,Seguidor
cmentox,Seguidor
ArqNeuroPsiq,Seguidor
RJengajado,Seguidor
natydemi,Seguidor
RealLeiZhou,Seguidor
o_pinioner,Seguidor
otitog,Seguidor
AIC_STP,Seguidor
teknedatalabs,Seguidor
BaladiSebastian,Seguidor
RLadiesRome,Seguidor
statkclee,Seguidor
ajugarconmigo,Seguidor
IndiaRusers,Seguidor
maxosoriog,Seguidor
Cristia40947006,Seguidor
wamorim_,Seguidor
mrcchl,Seguidor
XBarra4,Seguidor
princesaquetzal,Seguidor
CuchoZarate,Seguidor
Ronpisco1,Seguidor
datafirts,Seguidor
sspinacasss,Seguidor
jumanbar,Seguidor
gorkang,Seguidor
MartinHulin,Seguidor
MIHAPILI,Seguidor
FaroleroGOD,Seguidor
mpmozo,Seguidor
renata_mh,Seguidor
valsaraceni,Seguidor
catalinarufsor,Seguidor
cajasc,Seguidor
beilschmiedia,Seguidor
RLadiesSMateus,Seguidor
rstatsvideo,Seguidor
Gabriel_Ramos_t,Seguidor
ClaudiaColina16,Seguidor
giaannicg,Seguidor
TaoV10734445,Seguidor
Maru_aran,Seguidor
muratgl38172417,Seguidor
luisfflorezg,Seguidor
SiguasRobles,Seguidor
RugBauchi,Seguidor
panchipanchasof,Seguidor
ogutha_27,Seguidor
RLadiesDammam,Seguidor
PumaMaque,Seguidor
AleDelPorto,Seguidor
danielmlow,Seguidor
anescocas,Seguidor
INE_Chile,Seguidor
genralspecific,Seguidor
Miguel_Franco92,Seguidor
RLadiesGaborone,Seguidor
ZlatiIlchovska,Seguidor
Arieldris,Seguidor
danielm145,Seguidor
Bugiukas,Seguidor
Zs2ShallPass,Seguidor
thaism3r,Seguidor
XaviPalacios22,Seguidor
pariharmadhur,Seguidor
afsantos_31,Seguidor
johnpsr2,Seguidor
hhazin,Seguidor
ornenovino,Seguidor
jbkunst,Seguidor
Dafne_Jaime_V,Seguidor
AnaVictoriaFue5,Seguidor
GuardiaMichel,Seguidor
Apruebo_UW,Seguidor
sspinacass,Seguidor
alarisbt,Seguidor
luis_cuevasp,Seguidor
BzzCatalina,Seguidor
gvegayon,Seguidor
clauclaua,Seguidor
valentinzunigab,Seguidor
cenfoto_udp,Seguidor
naimmanriquez,Seguidor
MichelleVolpin,Seguidor
blog_SLR,Seguidor
101Programming,Seguidor
liminar,Seguidor
nachotapiaf,Seguidor
boenaboena5,Seguidor
see_estadistica,Seguidor
iamleyeajibola,Seguidor
KlausLehmann16,Seguidor
heloisa_caixeta,Seguidor
InformaticaUpch,Seguidor
AlexFelipeRLima,Seguidor
j3nnn1,Seguidor
polalasociologa,Seguidor
lamba_manika,Seguidor
raquel_amau,Seguidor
Aureauruguay,Seguidor
BarbaraMalcorra,Seguidor
natuqp_,Seguidor
BeaCarr15,Seguidor
VicschLuisa,Seguidor
ManuelJGar1,Seguidor
LinfomasAr,Seguidor
HeyJaviii,Seguidor
ValeLisciani,Seguidor
Rladies_Milagro,Seguidor
RebecaMadriz,Seguidor
PolipipoS,Seguidor
MPonteTorrel,Seguidor
javikings,Seguidor
RLadiesAarhus,Seguidor
feCaniza,Seguidor
KryzkaRyz,Seguidor
micubilla05,Seguidor
Ankur_B_Sharma,Seguidor
genomics_phd,Seguidor
RLadiesCoventry,Seguidor
MuyWaso,Seguidor
ChZ90,Seguidor
puchaAsesina,Seguidor
haifabmes,Seguidor
adrianrero,Seguidor
dfalbel,Seguidor
kate_odziomek,Seguidor
ricoperdiz,Seguidor
Marita36910799,Seguidor
AngelVillalva15,Seguidor
CLoyola,Seguidor
andrea_araya_a,Seguidor
srgglss,Seguidor
dor_k_NAR,Seguidor
Jasons_Up_Early,Seguidor
MagSocialesUCH,Seguidor
rezansafari,Seguidor
PatricioPerezB,Seguidor
Aralop20,Seguidor
AbarcaDayane,Seguidor
Veronic00672256,Seguidor
lumacarranza,Seguidor
Jaimerecluta,Seguidor
AEC14341233,Seguidor
VicHelfer,Seguidor
danynisi,Seguidor
LeilaMucarsel,Seguidor
OdogwuGuyman,Seguidor
ElPadri66332187,Seguidor
javierlj07,Seguidor
Antifasudaka,Seguidor
edwinariasb,Seguidor
marcalvarx,Seguidor
LoviJoaquin,Seguidor
_aphrodisiaque,Seguidor
George22641584,Seguidor
jabelma,Seguidor
magwanjiru,Seguidor
manjhare,Seguidor
RLadiesAlgiers,Seguidor
Takaitakuji,Seguidor
cristob58546195,Seguidor
buuboncio,Seguidor
claudiaovallera,Seguidor
cdanielagarcia1,Seguidor
camiloaguirre76,Seguidor
ProfEdgarMat,Seguidor
AlanLacerd,Seguidor
indraghosh314,Seguidor
JlaraI_,Seguidor
hsvab,Seguidor
cristinacesaro4,Seguidor
RSqlPython,Seguidor
fredygua,Seguidor
RLadiesBmore,Seguidor
elizabethfno,Seguidor
lalicloyur,Seguidor
imartinv77,Seguidor
Diego_zip,Seguidor
vmpeixoto,Seguidor
maciela1808,Seguidor
axolotlaa,Seguidor
hookedon_k,Seguidor
AllouKirabe,Seguidor
RLadiesNairobi,Seguidor
pabloandres_co,Seguidor
turumpsss,Seguidor
elinterio,Seguidor
alvarojmc_R,Seguidor
Arturo_mark,Seguidor
FernandoRivDev,Seguidor
DanielaZachZ,Seguidor
paula_feijoo,Seguidor
buenofa,Seguidor
ValentinaRozoA1,Seguidor
Florache7,Seguidor
Daniel_fcon,Seguidor
KethelynF_,Seguidor
MiguelBlayaCano,Seguidor
MaskMakingMaven,Seguidor
sebastian4f,Seguidor
Ego_Ipse,Seguidor
genomixgmailcom,Seguidor
beccarneiro,Seguidor
ItzSoto2,Seguidor
analytics_post,Seguidor
mariliacac,Seguidor
Valmir84000058,Seguidor
sarulareidel,Seguidor
ehTtsylanA,Seguidor
NicoleR54147531,Seguidor
rosenfeld_carla,Seguidor
sietepaginas,Seguidor
janesitajmc07,Seguidor
luisa02390538,Seguidor
scienciaesp,Seguidor
Alejandr0Borges,Seguidor
RLadiesFortal,Seguidor
Lizbeth14177632,Seguidor
maulin_d_conti,Seguidor
aolm404,Seguidor
maurophelan,Seguidor
Pri_H,Seguidor
r_rabbit_y,Seguidor
SabiBerco,Seguidor
BiancaVall,Seguidor
CaroPinto17,Seguidor
CheFavs,Seguidor
CaireDai,Seguidor
AlejandraVSF,Seguidor
iamggurjar,Seguidor
nolomedia,Seguidor
solreiman,Seguidor
aguara_pope,Seguidor
cajivano,Seguidor
hsgonzalmu,Seguidor
desuc_uc,Seguidor
victorquiar,Seguidor
javosuar_design,Seguidor
franfavieri,Seguidor
daniilujan,Seguidor
dosilmaria1,Seguidor
FlorGayraud_,Seguidor
RamalloUnzueta,Seguidor
Shansier1,Seguidor
karenhl1988,Seguidor
marianochavesm,Seguidor
__SOCHE,Seguidor
AldiGon1,Seguidor
InternetNewsCL,Seguidor
SusyFrausto1,Seguidor
njafelix147,Seguidor
mvidalon,Seguidor
carop_diaz,Seguidor
fcsest,Seguidor
cunhaenf2020,Seguidor
SilviaRguez,Seguidor
Cherrybomb93a,Seguidor
mj_cotZ,Seguidor
tamyaelz,Seguidor
adcderechos,Seguidor
TenVlad,Seguidor
patodiazGNU,Seguidor
roalme,Seguidor
JNBCheapFlights,Seguidor
francisponce,Seguidor
JosMarIbarra,Seguidor
marisaMborsboom,Seguidor
rladiesvix,Seguidor
El__Carlitoos,Seguidor
brodyjsmith,Seguidor
RLadiesFreiburg,Seguidor
brunocrotman,Seguidor
lab_fmed,Seguidor
ndutzan,Seguidor
Icomanx,Seguidor
arena_giselle,Seguidor
ggeral_,Seguidor
cavilag,Seguidor
igarron,Seguidor
QuantWalrus,Seguidor
cvargasnancy,Seguidor
JonTheGeek,Seguidor
oliviachen56,Seguidor
hazin_humberto,Seguidor
AnaPFJanuario,Seguidor
mas_rodrigues,Seguidor
sthefcruz18,Seguidor
karihigh_,Seguidor
Lilithunur,Seguidor
mcastilloquispe,Seguidor
dmoyanod,Seguidor
Cademar555,Seguidor
La_Argonauta,Seguidor
UgazSergio,Seguidor
cotiveragajardo,Seguidor
ursulamoya,Seguidor
calvarezvelden,Seguidor
RLadiesFloripa,Seguidor
RLadiesTeresina,Seguidor
ChamanLavy,Seguidor
rtips_share,Seguidor
MVinMuller,Seguidor
GaviriaMagaly,Seguidor
queimpo16865342,Seguidor
natalia_orregot,Seguidor
antonioriosm,Seguidor
sumanstats,Seguidor
katazen,Seguidor
OpensaludLAB,Seguidor
aloraac,Seguidor
greyf_53,Seguidor
annarouw,Seguidor
vlackened,Seguidor
irene_cruzgomez,Seguidor
Rafael_s_ff,Seguidor
SaulnSa,Seguidor
PaulaSilva_Uy,Seguidor
Andreinnamoran,Seguidor
CPumarFrohberg,Seguidor
RLadiesHelsinki,Seguidor
val_orsi,Seguidor
VBohorquezLopez,Seguidor
orfeomelodia,Seguidor
ReginaAPose,Seguidor
lia_moris,Seguidor
guegosilva,Seguidor
JuanoYefe,Seguidor
PaCrisManzMo,Seguidor
DiegoDGDC,Seguidor
Paula_Galan_A,Seguidor
Alfy1987,Seguidor
JohaHuaranga,Seguidor
satrdayconce,Seguidor
ronaldbarzolape,Seguidor
gzanlorenssi,Seguidor
luz_gamer_otaku,Seguidor
arioscazares,Seguidor
Elistif,Seguidor
adrianapicoral,Seguidor
IBSstats,Seguidor
appsilon,Seguidor
mgcastrolivano,Seguidor
lquiros96,Seguidor
useR2020stl,Seguidor
huatiasurcana,Seguidor
CristinaGlave,Seguidor
osggn,Seguidor
wniwan,Seguidor
weRuser,Seguidor
H_Mariel,Seguidor
Gulloa92,Seguidor
cecilesauder,Seguidor
saturdaysAI_cl,Seguidor
bacbc_bz,Seguidor
JotaP_Hidalgo,Seguidor
SK_convergence,Seguidor
Islos_Islos,Seguidor
jruizri,Seguidor
IAgloni,Seguidor
jucearma,Seguidor
WiMLDS_Milan,Seguidor
DaimyoShimada,Seguidor
bruna_dalmoro,Seguidor
aguasig,Seguidor
KerlyMorales01,Seguidor
RLangPackage,Seguidor
SanteroMarilina,Seguidor
fc_jasmin,Seguidor
EricSchles,Seguidor
Fabianigual,Seguidor
AngelikRoman81,Seguidor
DhumalHimmatrao,Seguidor
maximaDataSci_R,Seguidor
NathalyAlarconT,Seguidor
IcTurquie,Seguidor
wtassinari,Seguidor
parthadas9999,Seguidor
shuri_any,Seguidor
Aaishamiss,Seguidor
farzadfarzads,Seguidor
GSMilovanovic,Seguidor
lorenadelgadi17,Seguidor
IreneAyusMorill,Seguidor
muratkhal,Seguidor
SATISHT40389365,Seguidor
rstatses,Seguidor
StatKalli,Seguidor
rugnepal,Seguidor
juliahellenff,Seguidor
BerniColladoG,Seguidor
jp_moraga,Seguidor
Patrici38106445,Seguidor
anadiedrichs,Seguidor
lawal1442,Seguidor
Data_Science_PY,Seguidor
joseluisabia,Seguidor
Fabicanedo,Seguidor
Carmenlef,Seguidor
WeAreRLadies,Seguidor
katjahuarcaya,Seguidor
Chandra40469597,Seguidor
YasnaCortes,Seguidor
Jesusml74,Seguidor
chalinarojita,Seguidor
okymel,Seguidor
almudena_n2,Seguidor
Gian13743329,Seguidor
Beepuluv,Seguidor
LEGO_RLady,Seguidor
BenStenhaug,Seguidor
PalominoM16,Seguidor
gasb86,Seguidor
gonzalotapia,Seguidor
edominicb,Seguidor
Michail_Tsagris,Seguidor
ElaEPaulistAna,Seguidor
srober11,Seguidor
Sophio40369570,Seguidor
RLadies_LP,Seguidor
zumkley,Seguidor
MackoP00h,Seguidor
OtherAle,Seguidor
womenintechfund,Seguidor
darwin_jurado,Seguidor
JenKnauf,Seguidor
RLadiesMTL,Seguidor
RLadiesTampa,Seguidor
timelyportfolio,Seguidor
AdamGruer,Seguidor
sconvers,Seguidor
RLadiesAustin,Seguidor
RLadiesChicago,Seguidor
rforresearch,Seguidor
RLadiesLboro,Seguidor
gaussianpro,Seguidor
ClaudiaKgc,Seguidor
Mhessholtz,Seguidor
Geraldine_11_08,Seguidor
AnnaCaceres6,Seguidor
GoodmanSasha,Seguidor
rushadFaridi,Seguidor
jechenbbn,Seguidor
dsup_lx,Seguidor
Brankonikolic1,Seguidor
mawhy,Seguidor
el_torito45,Seguidor
hclarosh,Seguidor
favstats,Seguidor
r_stuttgart,Seguidor
rstatsmemes,Seguidor
krastevitsi,Seguidor
bugrabalkac,Seguidor
WomenInStat,Seguidor
RLadiesVan,Seguidor
RLadiesMelb,Seguidor
CarolinaPosso1,Seguidor
MariannaFoos,Seguidor
DataTeka,Seguidor
endriraco,Seguidor
lauraDataSci,Seguidor
frzambra,Seguidor
chrissyhmango,Seguidor
RLadiesMCR,Seguidor
clavitolo,Seguidor
RLadiesValencia,Seguidor
rivaquiroga,Seguidor
RLadiesSanDiego,Seguidor
RLadiesPDX,Seguidor
RladiesMilan,Seguidor
lipazcar,Seguidor
Atenea_IETU,Seguidor
ProtDatosPer,Seguidor
jsmithdu,Seguidor
LorenzaPerez56,Seguidor
susana_marin,Seguidor
Frikin7NFT,Seguidor
SighsEmpty,Seguidor
antoniojaen,Seguidor
iara_mouse,Seguidor
databarometer,Seguidor
Frankfuriana,Seguidor
pazpena,Seguidor
natsgonzalez,Seguidor
camito_24,Seguidor
mchocobar,Seguidor
Feranrey,Seguidor
Carmita01041,Seguidor
PatPolsci,Seguidor
Indignado_1000,Seguidor
MeridaMarlon,Seguidor
HRJN10,Seguidor
MJ_GARCIA2022,Seguidor
PauloAbrao,Seguidor
AakashHanumant1,Seguidor
catalinachardon,Seguidor
EnolOnline,Seguidor
sabidurAI,Seguidor
anukimw,Seguidor
SamanthaZavala_,Seguidor
JaimeAbello,Seguidor
IvanIF0,Seguidor
AndreaDavilacla,Seguidor
AlfredoSFMX,Seguidor
alai_lat,Seguidor
MACETAO,Seguidor
caroMN,Seguidor
Solwioleta,Seguidor
KATEMG03,Seguidor
nosoytuamorcito,Seguidor
jesusangel_91,Seguidor
nesthora_,Seguidor
Secomparte1,Seguidor
GobAbiertoNL,Seguidor
bfranco2399,Seguidor
AlondraChurca,Seguidor
leodanfelix,Seguidor
facardozo,Seguidor
GestionPublicUR,Seguidor
clickdacat,Seguidor
itisjailop,Seguidor
juanpabloguzma1,Seguidor
lamajoosorio,Seguidor
JohnOburu1,Seguidor
laurakurtzberg,Seguidor
a__guevara,Seguidor
opengovpart,Seguidor
SulaBatsu,Seguidor
Tdeperiodismo_,Seguidor
CarlosMaizOK,Seguidor
soylacarlii,Seguidor
FrasuaEsquerra,Seguidor
msrobot_d,Seguidor
A_Reyes_Miranda,Seguidor
davicmoreira,Seguidor
ConnectasOrg,Seguidor
Dr_Mantilla,Seguidor
AjibonaKorede,Seguidor
Duettsche,Seguidor
Cattleya_bias,Seguidor
rosariorogel,Seguidor
fariastuitea,Seguidor
_aliciareynoso,Seguidor
FDAbierta,Seguidor
loazda,Seguidor
JulioAlbertoCL4,Seguidor
DaSucupira,Seguidor
beatriz_irarraz,Seguidor
valentinar_p,Seguidor
lizdussan,Seguidor
MalejaVictorino,Seguidor
sr_pulido,Seguidor
SmartWomanBea1,Seguidor
Dgeo0584,Seguidor
miloarratia,Seguidor
CarlosB34634953,Seguidor
Sandra_Meza_,Seguidor
AMCID_Mx,Seguidor
jorcervan,Seguidor
KUNSTbsas,Seguidor
angafernandez,Seguidor
cetysedu,Seguidor
pame_andres,Seguidor
MojosoEl,Seguidor
yasmincurzi,Seguidor
fefealves,Seguidor
PGerrz,Seguidor
kjovkovski,Seguidor
Dennier32851597,Seguidor
CesarMartinet,Seguidor
FederacionALETI,Seguidor
Joansedimo,Seguidor
YiyaAcosta,Seguidor
Arendt_Center,Seguidor
data_urban,Seguidor
LaFabricaMX_,Seguidor
Access_Info,Seguidor
etsoch,Seguidor
extasit29,Seguidor
redopoder,Seguidor
rezaeerezaali,Seguidor
FR_Guajardo,Seguidor
CAinfouy,Seguidor
jimeneznicholls,Seguidor
OxfordDiplomat,Seguidor
asiet_lat,Seguidor
datalovercat,Seguidor
goldborboleta,Seguidor
kmjimenez4,Seguidor
apallisser,Seguidor
MollaCarolina,Seguidor
wrongrrl,Seguidor
zz_jara,Seguidor
aruasor007,Seguidor
mggroupco,Seguidor
IdeemosL,Seguidor
vladyruzo,Seguidor
unaprofequis,Seguidor
EstebanMoralesV,Seguidor
LaSobremesa_co,Seguidor
anacaarlac,Seguidor
rightscon,Seguidor
nataliazuazo,Seguidor
Lusuver,Seguidor
AlbaLuzJuarez,Seguidor
euripal,Seguidor
AnaCeciliaLafo1,Seguidor
RutaCivica,Seguidor
luciamesquita,Seguidor
danielfbotelloa,Seguidor
lissethcasal,Seguidor
MPVillar,Seguidor
cristiangils,Seguidor
AngelaOlmedo_,Seguidor
kyrenriquez,Seguidor
anamcard,Seguidor
az_rb2020,Seguidor
123historia,Seguidor
CamiloVallejoG,Seguidor
LASACONGRESS,Seguidor
Ulupica96,Seguidor
DiSoRLab,Seguidor
Andrepand2017,Seguidor
joana_varon,Seguidor
mrnvlnt,Seguidor
jpmarindiaz,Seguidor
Prigon,Seguidor
okfnbr,Seguidor
XVtores,Seguidor
crengifof,Seguidor
tais_so,Seguidor
barbalhofernand,Seguidor
giovanacadorin,Seguidor
ErikaNa90036592,Seguidor
lah_onde,Seguidor
dont_callmegaga,Seguidor
34_jupiter,Seguidor
amaroveneto,Seguidor
Inannaj_,Seguidor
arkeirozen,Seguidor
AnaLuizaPessan8,Seguidor
webersouza_ff,Seguidor
JanainaStats,Seguidor
brunadrumond,Seguidor
anapscarvalho,Seguidor
AnaBotafogo,Seguidor
RLadiesSeattle,Seguidor
rll307,Seguidor
rafalpx,Seguidor
Michele__Maria,Seguidor
Andrei_WongE,Seguidor
RLadiesRTP,Seguidor
lalunanueva78,Seguidor
R_LGBTQ,Seguidor
bwundervald,Seguidor
schawnnahj,Seguidor
