name,inf
OpenSciTalk,0
Wakkos,0
Hildegar_Rojas,0
MundoFAU_uchile,0
GoryPatino,0
veronicafollana,0
CNAB_ANDI,0
PrometeoNews,0
antadi,0
KlaatuRules,0
GarciaAdelina3,0
jmgolindano,0
adan_vila,0
darlenisrojas2,0
Fepile9,0
FundaciteGuaric,1
Andreyeperezb,0
zuleimabri,0
EIF_URJC,0
omiratia,0
ArmenYuri,0
DoraMMR,0
serudda,0
JessLug01337655,0
lauradillonar,0
AtomWhyred,0
Surdys_ciencia,0
baac15,0
Juancams98,0
MachadoELDA,0
AIrPB19,0
mavii,0
cevivas,0
WalfaroBalerio,0
gafajardog,0
LucasMartin1973,0
RagnarokReinier,0
melancolicoton,0
amtega,0
arturomatson,0
psidoctor1971,0
Phoenix_richard,0
Nest4p,0
Juanfma10,0
Ipostelcentll,0
Mathiusm10,0
bruxulanews,0
ForoGPP,0
dianamaffia,0
jimdelarosa,0
sotilon,0
Felix_del_alamo,0
vero_vm,0
Eabad039,0
la_fillesauvage,0
lu_uani,0
barb_rivera,0
LEONARDTR,0
raivenra,0
PsicoUChile,0
_vivianariass,0
joseand86380041,0
nico_kings,0
kevhosumadre,0
77Kail,0
azrael_argentin,0
jeensonaguilar,0
andresovalle8,0
gamoja67,0
Jav_Beginner,0
maxezek1,0
Facultar,0
packorrodev,0
ronilla17,0
Al_Shoot,0
hberdecia_hdz,0
nucleo_hpopular,0
MinCyTBolivar,0
KRISTAL333,0
abogadhillo,0
Viviana34757591,0
WilderDeLaPaz,0
espanolJ,0
alemove91,0
juliojesusanaya,0
lina_duende,0
Fcojim,0
PLOSBiology,0
rstats_tweets,0
rstatstweet,0
Jjairocj,0
CesarZafra,0
nicolas_digital,0
ChesaroMaldini,0
OlgaViota,0
EditorialUV,0
SIGAMonterrey,0
lolitabetancour,0
esopenstreetmap,0
JosepTrias2,0
Pablo_Suarez_T,0
Aselio_LOPD,0
RunnerEn,0
Marco_Cerdio,0
ChileCompra,0
Luzero31281917,0
Rikylinux,0
jdanezc,0
libeluladoradas,0
aliette_perez,0
Aegis431,0
aremi0509,0
AtenasSebas,0
sci_ciber,0
Iturbide,0
UebGuantanamo,0
WebYT98,0
Albertoq_vnzla,0
HArelllano,0
Agoni_2020,0
adriromerosilva,0
Alfons0palacio,0
ContrataBien,0
hacemoslaweb,0
vmgonzalez68,0
CarolaBriceno,0
jfreire,0
evamog76,0
mundolinuxbot,0
hugo_moncaleano,0
mphermosilla,0
DeisyPe67271973,0
OSM_retweet_bot,0
filosofiauchile,0
infosanpedrozea,0
PythonBot_By_PM,0
SomosVeAyacucho,0
Joseduran0330,0
dammonmarrod,0
alexandrelopez,0
pauldassoria,0
lrgrivera,0
lemarderi,0
EvaMarcoD,0
nyap1986,0
restrepojhonja,0
PTienza,0
cristobalmoya_,0
godinfrancisco,0
OscarCParra,0
CastillaDaniel,0
JABarrera7,0
yuki20016,0
pupilorustico,0
laespadadellibe,0
C4NO_x,0
Margarita_SaMay,0
Alejogaci,0
CabasCujia,0
leonardopeme,0
sisibuchile,0
SMadushnaka,0
REDFEMP_TyP,0
RC_Araujo_Inas,0
ManzanillaMiel5,0
unavbiblioteca,0
CesarPalacios10,0
Cristhi86990635,0
psuvelguapo,0
RenAG7777,0
Antonio18024,0
isidroaguillo,0
kiarabetsy,0
radio_festival,0
BibEduUsal,0
twittcafechile,0
NodeGirlsMadrid,0
gianinol,0
wjl_2010,0
inv_geograficas,0
PabloGu61982836,0
AulaMagna2_0,0
ComercioBUVa,0
gtpintado,0
IrnMM,0
podcastlinux,0
javiergomez_oa,0
samvgm,0
sadiaz_extreme,0
patadeperro,0
juankcastillo,0
NewEconomyForum,0
luciishta,0
LourLloren,0
ETHEjournal,0
merlovega,0
CharuMalik_ISN,0
BBEECADIZ,0
MiguelReyes_17,0
danywalls,0
cervy_0,0
Xaviju,1
almu_hs,0
RUA_Alicante,0
CampusMDelibes,0
Rachelpalmen,0
DiegoAC7u7,0
cintiasmithp,0
adriancanito,0
IEEEuVigo,0
KerryTan17,0
openscience,0
aaronarmandos,0
gustabo_gustabo,0
oraleia,0
SegismundoRG,0
UTIMDURANGO,0
biblioiescarlos,0
MourningDove04,0
solabre1,0
basicavisual,0
timeywimeycat,0
Dragon_Zn,0
cpolsilver,0
CultivandoAc,0
alberto_0607,0
Caro_ArceSosa,0
gustavovaamonde,0
Ishbak_,0
drvictordiazv,0
EMINOEPORTI,0
XtecnoMundo,0
CaroQuiroz_,0
ProfesorHugo,0
pablomorales74,0
Ecuador_OEA,0
IDEA_fundacion,0
Argensola,0
saolis12345,0
aramismexico,0
cdauchile,0
mard370506,0
itandfeel,0
neutin_kwazi,0
texcoco,0
MitziDelgadill2,0
THEM00NMANIAC,0
phonnz,0
MaximoAfonso,0
itaih_hidalgo,0
erickenredes,0
maytitavt,0
GobAbiertoLocal,0
nom_aguilar,0
MarianaDGiacomo,0
INE_Vallarta,0
__VOTE___,0
YohanaBaiona,0
ericfcarvalho,0
erikamariaec,0
fernanvelan,0
marainita,0
Rosau2022,0
LuisaEl73710047,0
emiximemx,0
rugi,0
laurockdriguez,0
AntroSocyJuri,0
FidelRodV,0
ricardo_ik_ahau,0
NiwanSk,0
TamaOrlandoOk,0
Negro1Edgardo,0
ademir2022_2022,0
FAdrianMedina,0
LaRadioCripto,0
jose_br,0
Santy_CE,0
RusoRoque,0
EscuelaDeDatos,0
ks7000,0
DormenoP,0
comparteDerecho,0
levhita,0
amdelvaz,1
01JDENayarit,0
R_RodrigoRoy,0
derechosdigital,0
salmajalife,0
mgonzov,0
samuels95392574,0
lagraciarap,0
lacentralec,0
rolandosimon,0
figuesco_ivana,0
pasimoes,0
CloudNativeFdn,0
JulioC_Zuluaga,0
ministrodeleva1,0
_lacion_,0
julianschuster_,0
dennyperez18,0
NataliaBaquero,0
AitorMartinezM,0
YugureAi,0
MacalaTorres,0
Cdosvecesdom,0
duquedeavalos,0
PSOELogrono,0
heribertofranco,0
LibertyPrimer,0
Fvs210190,0
lmatas,0
Favterruce,0
gsocOrg_bot,0
nayrev15,0
rafaelo59999377,0
fdo_sg,0
Jaim3Giron,0
caguirrearias,0
MARIANURIADIAZ1,0
luisricardosh,0
rowlandm,0
SEREIRIS,0
Ranulin,0
lizliz_mtz,0
abelcabans,0
NorteSNT,0
historiachiqui,0
surcomuna,0
pgpnzalo1,0
PSOELaRioja,0
gerzoncardenas,0
elopezri,0
JLunaDuran,0
nicoagonzalez,0
Rovqzz,0
dialnet,0
lariojaorg,0
HCTORROCACAMPO1,0
CachopoCoin,0
yasir_HS,0
CEHColmex,0
sfcorral,0
esperanzaamor13,0
andreaferpanda,0
cdsergio34,0
sntcentro_occ,0
InfocentroBar,0
AlbertoQuian,0
AgustinaCerrad1,0
LAReferenciaAA,0
jaxs1712,0
CoordOrganizBol,0
moradaamarilla,0
yuriko181,0
jandimter,0
alicia_molinari,0
ivangzama,0
a_n_d_r_e_a_b_l,0
GALandfried,0
rmvc76,0
josegalvanh,0
VanessaFreites3,0
Rotsi20,0
FIIIDT_OFICIAL,0
ReformasLATAM,0
isaaacrj,0
jsanch01,0
patriaesfuturo,0
WeenZaldivar,0
BERMUDEZFANNY1,0
comunistax100p,0
draruthtoro,0
Derecho_juris,0
INEChihuahua,0
VH_Ajila,0
CinaArq,0
lamalaeducacion,0
PreludioGames,0
Jiro25161042,0
ASAPbio_,0
IratxePuebla,0
soniaxmo,0
sonialopez223,0
Bibliocentro,0
UsugaRios,0
EmigdiaAndia,0
08Dtto,0
WJC0ronado,0
gparra_math,0
LizIsidro4,0
omvizais,0
cmch_historicas,0
alexsandor27,0
datagenero,0
INE_Tlaxcala,0
Roykings_1,0
CarmenSolG,0
MarcieM2010,0
FaresKameli,0
Eclefly,0
pol663,0
v_gomezgonzalez,0
WilSmart7,0
marxacuchismo,0
Danielg45,0
roberto67z,0
fergaleano58,0
CanaimaGNULinux,0
IVANSERRANOAL,0
angelicabellver,0
LOISCM3,0
EdwardJesus27,0
AnaMRM93,0
ENTRECINCUENTAS,0
ascarida,0
CenicsPanama,0
nemzuhue,0
Nihilista2000,0
goyesonico,0
IrisMriam1,0
raulgaldon,0
sguillermo84,0
Gerard0107,0
AbaeVzla,0
paulguerram,0
JesusGallent,0
luserrano__,0
myfunnyandy,0
YaniraIglesias1,0
nellstra,0
SebaSj,0
RaulGM_83,0
LuisMiguelRen19,0
AlisiaJardin,0
drobles,0
HiedraMadre,0
aldos237,0
KMonteroAnnye,0
David63198004,0
SarahKellygeog,0
JefaturaLaGuai,0
auxiliadoraurq2,0
ISASUSI123,0
itscarolives,0
YamidNTorres,0
ASF_Galicia,0
Lab101UNAL,0
Robert00506157,0
cristinalaines,0
axieramoDG,0
Sotbenj,0
rociomaureb,0
rai_PY,0
luzluz957,0
Lijter_Skelter,0
EshuIre,0
ComunicaTacInfo,0
corpoandes2022,0
0Rockmanx,0
HpsuvCarlos,0
Reciaria,0
ElDedoAcusador,0
chavez_100pr,0
Infobolivar3,0
Roxio46597430,0
jorgue98,0
Juanam2022,0
MuyWaso,0
sebalddroguett,0
PacussichO,0
MagalisPeresa,0
antonio08574223,0
nachokb,0
MagalysCh5469,0
alesitoide,0
luisvalleferna1,0
carolin15230294,0
losano99592872,0
EliasMBlancoC,0
Avgh2103,0
lanena12361,0
isabelbb95,0
gordito52378514,0
Gabrielacame2,0
blanca80633407,0
eiling11973355,0
elenava9700,0
IrinaYrma,0
joseucho2680,0
Jerry63847138,0
Paolaher31,0
jiquito1,0
billieameri1,0
Alejand64477938,0
MaikolAntonioG1,0
patria3031,0
DNotipatria,0
BjalBarbara,0
jmogollon161,0
ibis_sevilla,0
cristianreano,0
JulianPigna,0
enriccortinhas,0
saidiano_,0
mix105radiotv,0
AlaninoGF,0
tresfebrerense,0
Gotic_Lady_,0
nath_327,0
scarfvass,0
EFranci90810597,0
jnrebottaro,0
pedrito1414,0
srey3000,0
rusosnith,0
Giacomo35059388,0
NiadeOca,0
josegeeklml,0
DTE_BA,0
dearlizarazo,0
mameri9,0
neverwrit,0
RAKarl,0
mariohe29268241,0
fatimavaldivia,0
gabymenta,0
cbiblioperu,0
Rovito,0
emiliojpg,0
El_Samu_FP,0
victorzamora,0
lalo_lakrov,0
aballester13,0
PatcabCab18,0
MarkeldaH,0
Sebas_9017,0
JpKanR,0
MartaRC12,0
kikjes_per,0
Marulis74,0
MilenaOsejo,0
Master_Kehos,0
martatorredev,0
pinkmatchaprr,0
Se_Y_la,0
PutitaMerello,0
JTOCORAR,0
pedro_ost,0
carlobrito,0
amcalber,0
GDesnutrido,0
CMartinRamos,0
paolaminoq,0
TheDevilOps,0
Umbraosm2022,0
jeanettjl,0
thx1272,0
oasi,0
unix97448016,0
hasate22,0
GeyRivers,0
carloszamalloa7,0
mruniverso1,0
radical_michael,0
RafitaReyes2,0
sserrano79,0
versitosur,0
hepatologo_RCO,0
Pericle08708628,0
Jorgehernandz,0
riramosuniv,0
Danny_Mendoza_S,0
ialo8907,0
elprofeducador,0
CaroVirus,0
drcervantesp,0
ivanenoc,0
Estado_Abierto,0
_FreeSpeaker,0
SCCOQUINHO,0
aveasvargas,0
iraidamercedes7,0
MosqueraSergioA,0
GuidoAGR,0
hugovillasm,0
ValeriaPeredo6,0
isayasmx,0
estudioalborno2,0
MayzGilberto,0
Bryand941,0
boriszaurio,0
jonimedina_,0
gabomer1,0
maykeltr,0
delizzy65,0
dariotovar21,0
EduJayDLVL,0
Belavie1863,0
jimmyev585858,0
FederalLab,0
olivetta12,0
ingcarolinf,0
carina1804,0
AncaMatioc,0
EverthRamirez2,0
Eibarra_S,0
NikischCarolina,0
Katrinha19,0
jgomezvalle,0
IlMaese,0
HenrryVillar,0
ArtfromEsr,0
MoisesCabreraB,0
dafnis24852345,0
MariaT0224,0
wikimedia_bo,0
Neoferd,0
InternetBo_org,0
KleMorenoBueno,0
RoIrimia,0
jesus89wr,0
FabianJZAX,0
fvfilippetti,0
gorka_tr,0
Editorial_UG,0
rubio_lis516,0
HarimBGutierrez,0
Fanny65761144,0
burbujadevs,0
negrita73bn,0
leitomonk,0
carlospeak,0
JMLambert1,0
LuisHerrera507,0
arnalielsewhere,0
Duisiin,0
MiguelRicci,0
EmiliaPobleteR,0
Abelxk_,0
1000kZenteno,0
veroca327,0
FranRam09552040,0
WBDSLA,0
verogomezvelez,0
USMApanama,0
luis84971068739,0
jsequeirados,0
angserranoz,0
v_rangel1982,0
Avaltenea,0
LaGranBestiaPo1,0
GyGSRL1,0
Fatima51214786,0
simogeo,0
elefonta,0
nmcoliveira,0
VianaMikel,0
mapstore2,0
geosolutions_it,0
GeoserverO,0
palmaf,0
bspolitixs,0
salbarracin,0
ClauPamMachado,0
Carlos_MN,0
PetPrez1,0
CarlospscLo,0
MapeaLivreUFPR,0
opencontracting,0
Ruso413103141,0
data__coso,0
Alyolyy,0
medinahrms,0
teresancheza1,0
Architerca,0
fes6692,0
JavierS93184340,0
Anarelgc,0
Ferb867Fermin,0
BecaEducaTIC,0
ceip_hnossanisi,0
Tevo1982,0
ahitzad,0
PeroCornel,0
Tothemoon_Park,0
MasabandaN,0
Gogh2573,0
empa60,0
haydeerivera1,0
YersonAyala1,0
ALEX_JYYY,0
Alicia73677794,0
Mabetalk,0
alexandermag83,0
warsclon2,0
amarilis982,0
MauroSaezT,0
gvillarroya,0
MarcusSalinasS,0
metodogolo,0
SForo2,0
RubenGRidaura,0
tute_avalos,0
lorentemm,0
jeka227,0
CESEEenlinea,0
blizzard278,0
Dggonzalez2015,0
profmatiasg,0
hetordeboedo,0
SkolarEscuelas,0
alecanclini,0
LabTecnoSocial,0
Rosaura78143304,0
yuniorcandanga3,0
UniversidadesG9,0
Tarrasilla,0
RIUAEM_MX,0
olgapereiraj,0
Niyume6,0
yaraconchavez,0
CNTI_VE,0
JuliChanchoRosa,0
johnnyteranguer,0
Cyberjuan,0
_SilviaS,0
spacelobos,0
ffreaker,0
wajariv,0
KathDrib,0
laesel,0
elbejarano_,0
robmontano,0
municipidigital,0
manoliblmn,0
IleDesignia,0
CarmenIInojosa1,0
rc_julin_lens,0
OMurciego,0
Mambo_23,0
CharllierJr,0
4573746562616e,0
jennyca35561303,0
ValquiriaRamos_,0
sgomez,0
leocova33,0
_MiguelVielma_,0
NQN_LAB,0
briiilingual,0
MaluPalacios6,0
Pau_CheFe,0
AgundisYerena,0
Beleak3,0
DrCamilodosSan1,0
OscarG272,0
Andrea_sr_,0
MaldonaNavarro,0
EstefaniEscalo,0
lazarevi1,0
rddp10,0
Alfredo_DAquino,0
freddyjoseandar,0
FereiraVasquez,0
Garay_PabloG,0
glendaige,0
Andrea_GCinto,0
rrmjrivas,0
mavega2912,0
lizdussan,0
Veronica_yaz,0
AgustinDordoni,0
elo0i,0
aloctavodia,0
TesistasA,0
Srita_Potts,0
xmnlab,0
Robmarli,0
chileconci3ncia,0
Victor_Quiroz_,0
Lic_Claudette13,0
GoAixa1,0
manuelgahumada,0
davidmicero,0
Benijesus28,0
FundacionColmex,0
alemunozq,0
h_enriquecrespo,0
agarridonavarro,0
MairelyNin43239,0
marlenecopito17,0
arabis_war,0
LuisMicrosoft,0
CdchtaUla,0
IbercampusES,0
Danielvzla12,0
AlcalaFerraez,0
LizzieProspert,0
reinamarenostru,0
APC_ALEMAN,0
oviedoeltoro,0
Faumeliza,0
renearitaa,0
joseangelmena,0
NarlaBegins,0
muggledetected,0
llnemll,0
Danifitzp,0
IvanMoreira21,0
cvillarrse,0
Xacordei,0
mat2021sr,0
Mikilorencal,0
MarcosMazoni,0
DrGerman66,0
SolGlopez,0
MiguelMirandaEb,0
luismanolos315,0
klyone,0
carl_alberto12,0
nathamilano1,0
BreatheLove75,0
FRSBTRANSLATOR,0
JoaoMartinDeSo1,0
betancourt_phd,0
MAZTEGR,0
profesor_diego,0
revistasuchile,0
saberucv,0
joseja_saldana,0
OrneBarbieri,0
mikelprat,0
OscarJimenez011,0
leyesguatemala,0
pedrormatag,0
pintomar43,0
lucasfdm2k,0
opinchacarneiro,0
morenoroberto77,0
toroquito_ven,0
CCMCespedes,0
elgalapo,0
carlosbezares,0
MarMoGo1300,0
BorisGilG,0
ClaraInsSeveri2,0
CalvaMaricarmen,0
AidaGar16621233,0
OpenDataAnd,0
IsorisUniz,0
ernestohurta,0
vamoraver,0
shusica,0
Brayan_mendez29,0
Martin_G1menez,0
Ipsorai,0
Noctambulo022,0
LAMPA_2287,0
vicmartinezo,0
JavierCasares,0
rik395,0
eduambuludi,0
zaragozawp,0
munozserem,0
jude_jungle,0
Sasha_Suazo,0
_mromano,0
Blueesnes,0
UNJhonGarcia,0
cesar_jiimenez,0
MacEcuador,0
starter_company,0
mairaga43610691,0
barbablanc4,0
josedetorre,0
VampMikaela,0
EliasJQuerales,0
gisela_leo,0
carlosbanion,0
TATIXOK,0
esp_uchile,0
ipostel_ve,0
LSonrisaNatural,0
Odorico_Mora,0
Belladonna_Wry,0
javiromansa,0
ajaraujo,0
ricardogg,0
flaneuquen,0
manlozit,0
Multicripto,0
mhernandezgomez,0
etrevi90,0
Red_Purdy,0
MatiasGMRG,0
faustian_echoe,0
rgzkno,0
vachowo,0
mapologo,0
lchidalgo,0
deiry_arias,0
JoseL_MT,0
mvaluna,0
Olmedo012,0
lrbarba,0
wicagu,0
luiskhan12,0
JesusMHD,0
robertjesus39,0
Yusmeryrodrig15,0
ANTAI_Panama,0
carmeen93,0
golbertkun,0
BiblioInf_UDC,0
ndroldan,0
AntonioGoBe,0
AlexisJSallle,0
NoslenHuerta,0
jrosal2017,0
Davidragar,0
GAB_Bogota,0
estebantecno7,0
Gigappalooza,0
Ana_AmorAlameda,0
anonimo73mc,0
anagavilancom,0
OctavoTercio,0
anibalzorrilla,0
Davidhrico,0
Gabrielita0605,0
EmilseSaavedra,0
hagonzalez4,0
soledad_qv,0
monchomad,0
AErevista,0
ronaldtoledom,0
d_prieto,0
xjuanmitax,0
SoulOfDraens,0
ManuSavior,0
CptanZombie,0
elbarrasbajas2,0
viktorxu05,0
Infogon,0
PereaApolo,0
tonojuarezjaj,0
dalia_correa,0
wotanbert,0
Ays_02,0
carloscfernande,0
davidalcolea,0
vtlgncrcst,0
O_Monfor,0
RevistaRist,0
Katiuskatibi,0
IVANIvarmaen,0
jesumrtnz,0
magm_miriam,0
OBREAL_,0
mariatornero60,0
sergiommedina,0
Ana_gqmrq,0
gomnrz,0
AndresMorenoGa,0
EnderPerdomo4,0
Vagoprod,0
MERCOSUR765,0
Francis08653864,0
poderp_chavista,0
salaprensaCantv,0
UCENopenScience,0
Wiarmos,0
edymex,0
carvicab,0
ariasheadbanger,0
josenorman,0
SkyCaas,0
NUjovich,0
auror84,0
FranZarate2018,0
alparegom,0
rflmd,0
Andy_Cicenia,0
atamapui,0
hcarrascalc,0
Manu___Velasco,0
AgoneyReyes,0
rjimenacarrasco,0
jcgperello,0
carmengchv,0
Bambuchatron,0
carmen10maica,0
OrquideaStu,0
Manolo67554861,0
patricioyjelena,0
Joseblast,0
UbunlogWeb,0
DesdeLinux,0
jemm2_2,0
andersonmavi30,0
tomsarek,0
AristocrataCat,0
lrovario55,0
crixus82,0
21Romolo,0
VeroVigli111,0
SoyArgel,0
DesarrolloAUtc,0
PUYALO63,0
persy_amaru,0
flutterbyamey,0
20koi,0
RebeGM19,0
AlbertoFernor,0
LaInventadera,0
lobochavista,0
HORACIOESTRADA,0
AlvaroMT14,0
SuenosDeNacion,0
IkaiAlo,0
lachamba,0
MadridCentro2D,0
AngryCyan,0
BolisSusana,0
marbellver76,0
CEIPMditerraneo,0
parislima,0
JoseEduardoQN,0
salonsoweb,0
aph_karpusi,0
eduzzcom,0
marloncm53,0
IGNSpain,0
mariama50697099,0
Info_miranda1,0
FabroRino,0
datosgob,0
anamartin21,0
juangodoy1993,0
ESFGALICIA,0
TransparenteGob,0
ie_infoempresa,0
maureviv,0
Ivn72528874,0
praxispty,0
lrosilio,0
AcercarC,0
BreznauNate,0
mirovito,0
manulanda23,0
Bene8Tuto,0
gothikxx,0
Juanan_Illescas,0
InmaMB_,0
DanielSC2025,0
MssLaura2,0
docentekarla,0
vazquezeditor,0
pedrovaldiviezo,0
VictorTyrsson,0
Alecitadivine,0
SergiorosMoyi24,0
alb_silvi,0
madaodama1,0
profealfonsojs,0
CienciaConcien,0
acirujano,0
borjahernaez,0
VigoTecnoloxico,0
iokin_,0
CAlvarezBaena,0
shewolfpy,0
CarmenVarelaPy,0
UEJESUSREDENTOR,0
AndrewMunozB,0
PradosSon,0
teoriantropolog,0
je_epicureista,0
Sanz3Sanz,0
ivaquero3,0
IsraMancisidor,0
daffos_17,0
pedrojulianrm,0
rominatf8,0
alespidio,0
recursosXXI,0
EdithFajardoTas,0
cavemanbeat96,0
hsarayg,0
Francisco_JMR9,0
KoolEmprende,0
fernando_hdzrms,0
GalnaressM,0
panchomadera,0
fg43154,0
LauraV210781,0
gilbon_aburto,0
HumbertReincide,0
joanboterarjona,0
gulagmexico,0
dianatrisse,0
Batalladeideas,0
arrechisimo,0
Cacahuata8,0
Ricardo_2336,0
felixmr17,0
Leonard62876352,0
MiguelE11958748,0
TottoBudin92,0
tebere16,0
RikardoYp,0
jimenaperu,0
BlurFederico,0
verdelibre3,0
Emanueldgm,0
wrobertispsuv,0
claudia47479671,0
petiteannalie,0
edwin_chuga,0
sonhayama,0
acastro72,0
Ireteansa2010,0
franmauri47,0
YanceToala,0
Ale_Burlaka,0
BrendaP31969346,0
lorelongoria,0
veracoecheax,0
yenyteran12,0
MiPLEytu,0
SikinRivero,0
Mgta0104,0
jairocorleto,0
paugardzi,0
alb_mart,0
marcosdamiann,0
VctorParrales1,0
delgado_iviana,0
mmvalverde1982,0
carlot_la,0
MaikihAvila,0
mlito21,0
bulbo12,0
LuisGastudilloR,0
ElviaJofre,0
fmlidermdq,0
Heidi_Rodrich,0
misswand3rlust,0
lopezw1992,0
AcademicoUnidad,0
OscarCumbicus,0
euge_lop,0
Fabocifuentes92,0
luisaperezroman,0
emvex,0
yuljefred,0
MarbellisV,0
SebasGibbor,0
DanideCatan,0
ENRIQUEMARCELL1,0
mlaumeza1,0
aadolforh,0
gil2rom,0
AtecalRd,0
SocialesUV,0
cartadesabierta,0
Silvana_L,0
chicomarco,0
hery8a,0
Oraly_Lopez,0
mjijonp,0
Feel_Like_Vasco,0
admodevops,0
pyecuador,0
CentenoSuleima,0
CanelonLibertad,0
OtraCyn,0
Flisol_Loja,0
GersBars21,0
vlascalpedro,0
alopezh2,0
pablo_albertus,0
oshiboriboy,0
lolalortega,0
sofiagastellu,0
zettel57,0
paredesendersom,0
protestacomunal,0
fasldu,0
Nikytecuenta,0
MatiasBernal6,0
cacao_0701,0
wenslypm,0
diani_mla,0
MAGDARONDON3,0
NegroFigueroa13,0
eidenvalentine,0
luemba63,0
oshanigue,0
fidelmessi_,0
Antonio03094853,0
NFSWORLD623,0
CheTuit,0
carlosi_jimenez,0
drkbugs,0
Alma_Ros_M,0
cjoa2009,0
Adry_Albadan,0
RAMON47815066,0
Sepin_P,0
OpenDataEc,0
Sillmarwen,0
RabindranathFV,0
bluewake,0
redam_ecuador,0
juliuslaetus,0
InfoCdMex,0
PoloCyT_ve,0
marlene_rivad,0
apradoc,0
Noe_KatuCoffee,0
edwuinone1,0
Oswal_2419,0
jairo_maya,0
KenyimarGuerra,0
esc_x1s,0
daniels77270469,0
gianluiggimassa,0
JuanjoIngenio,0
TtorresFelipe,0
AndresGhiglioni,0
ozarraga1,0
kandanguero,0
DianaIMaldonado,0
silvinaglew,0
adalidesblog,0
solysbellagines,0
NeyslaNahir,0
ROBERTOAZZURRI,0
ToroPenelope,0
Raimondvzla,0
danimakoy16,0
AntoCen,0
Damron_Black,0
raulgarciat,0
Vanessa46358777,0
jorgemenecs1,0
UribeX,0
jussepina,0
regales_ana,0
Ismant,0
papahongo,0
YelyGran,0
jeshuabenjoseph,0
LordNemesisDCL,0
SUSCERTE,0
Guille_Mon_,0
Vistacha,0
MonicaZapataS,0
ChavistaGanadr,0
eubarazar1,0
franciisco96,0
mariacortez95,0
edmebello,0
Zobeida20423759,0
elchamocandanga,0
Rueda_F1,0
beatrizsouzau,0
Javier_Munnoz,0
empleoyexito,0
YsabelRosalesC,0
Divantii,0
SovietChavizta1,0
VicomteRouge,0
fehucontenidos,0
hlableti,0
mimia3003,0
MurphyPastor,0
Mati_Ce,0
cristobaltorre,0
Amatista2221,0
semujmorenacmx,0
francoalejandra,0
BasalduaPau,0
pabloaria0,0
CampbellMai,0
yorlenisplaza,0
PrimeRaulA1,0
LaMorrison_MX,0
metropolis_tve,0
GabiSotoBiciB,0
Carlosart07,0
LauV28,0
edujosueaf,0
HansBlanco14,0
chavaromero,0
soyaracelidiaz,0
claudiomruiz,0
Mosferastus,0
kennethmath81,0
teniente_nicho,0
negronjb,0
YoNoLePerdono,0
denyram,0
AmarYluchar,0
Crissmosp,0
joacobntz,0
pitu_orrego,0
violetaguitart,0
vargasalberto71,0
EDMUNDOTUNDO,0
VocesUrgentes,0
ferr4n98,0
jesuschugrat,0
chucho007,0
marlonr2002,0
Angelsfran,0
ALEX_7M84,0
yubgon,0
arodera,0
registvh,0
NangaraCandela,0
Pizu,0
m1a_ve,0
nicolasratto3,0
SVGinOncologica,0
mireyaremanso,0
rc_vm,0
urbinaoscar,0
thaivama,0
GaelleVargas,0
Jackson01D1,0
BierzoNatura,0
DiccPE,0
Sonandopersonas,0
BertaRodrguez5,0
GVivienda,0
Adriana56020051,0
lanacho64,0
raaulfer,0
juantopx,0
ElAndino09,0
kal1mancastillo,0
lalobernal1,0
MarvinBeisbol,0
rzambranoiqq,0
cvgvil,0
sianollopm,0
Guarapela22,0
09kdjxksk09,0
zirtaebt,0
Pablojrizzo,0
flaq24reyes,0
DESTROCOBRA3,0
BryleePatterso1,0
Jonaltuna,0
ulisesrivero,0
LufermSuarez,0
FernandoTagore,0
tovven1,0
LaXuru,0
sargentomoreno,0
Lady_Fabi,0
jacintodavila,0
RevolucinLegal1,0
ygonzalez1978,0
dieguitocazar,0
evasander,0
augustogos,0
marthaescamilla,0
HFomeqe,0
romurodriguez,0
GoDaves,0
_mjan,0
orestedeseo,0
fernandoararu,0
Lauravalvil,0
cienciaabierta,0
Tecnoemprender7,0
paguaygalo,0
strabaldo,0
jciturras,0
jcamalmx,0
larealtaam,0
mapc,0
Conny63844702,0
AlejandroRasco,0
Luzcent,0
kanitox,0
enbakid,0
Marce_I_P,0
j_gorrin,0
puntocentrico,0
AvillTere,0
sol_danica,0
rtleyb,0
rodriguezcheri,0
infraabiertaMX,0
CoalicionMS,0
marcanohjavier2,0
tomlongphd,0
JesusDisalle,0
PedagogiaSocial,0
TinaCuore,0
Emilio67760654,0
toya_arq,0
AlexaElyGuaman,0
Cenditel_Patria,0
HayShar2,0
susanamorg,0
beneatheskin_,0
azocarone,0
marcosvillacise,0
KarolNorona,0
paola__c,0
SfDkaosDLX,0
RaillyHugo,0
DatosCientific,0
28_paupau,0
GEANTnews,0
CentroCOES,0
RubbyPut4,0
ProyDivLGBTI_C7,0
pacoramon,0
CaicedoSpitia,0
CCaraboboLibre,0
secoya007,0
twitwilber,0
ciencia_cl,0
hansfelixramos,0
quintanillasam,0
bernifiore,0
colguin7,0
barbvegat,0
KFutoranskyi,0
Rosa_DguezM,0
jane_coffin,0
JaleaRoyal,0
UlisesRamirezG,0
CeMITBetanzos,0
CultivandoVerso,0
fabioduran,0
eleuge1,0
MalditaTech,0
UdecBibliotecas,0
LeoRodri0199,0
LUISDAVILABAND1,0
jmandion,0
jgomez370,0
MinoTannia,0
majinfer,0
McdUnison,0
elojopardo,0
Angela47667247,0
Ucen,0
lochoa7791,0
naticarfi,0
BraulioOtavalo,0
ElioAMilanoB,0
andressader,0
Juanjosensei,0
Flaca8812,0
Lockuz2,0
datosgobar,0
anaburgos777,0
ELCOACHING,0
pamemar1,0
informaticaucm,0
cmark_online,0
Ovado,0
jadebustos,0
NachoHe41431428,0
OpenStreetMapAR,0
PatuPop,0
Mellember,0
arroyolider,0
susi2587,0
germanandradeg,0
yanirauseche,0
DevPGSV,0
Luc12Mao,0
criztinaz,0
barbaracneves,0
cristianjmu,0
UFASTA,0
Etxekos,0
JaimeUT,0
VaniaVillalba1,0
CounterpartEc,0
MaribelRaCe,0
jofe100,0
Janethcohil,0
mariagrandury,0
SomosNLP_,0
sasanchezc,0
Abraham_RMI,0
xhardez,0
psico191214,0
valentinvi,0
rocmarqus,0
andradecanosa,0
paco_vazquez,0
aojrgeo,0
mariacantore,0
AnthonnyAG,0
romulosanchezs,0
billyperiodista,0
CIP_RRD_ESPOL,0
Altaskur,0
sharon644,0
ahmetak20160685,0
TeraFlow_h2020,0
begalpuy,0
fryntiz,0
iaa_csic,0
lignuxero3000,0
AkireOrl,0
VincentMarsick,0
DOAJplus,0
IndiraNolivos,0
albor_educa,0
JuankoExc,0
Mestredesdecasa,0
EdisonChauca3,0
Vitancris,0
AyudaMaestros,0
lettymikka,0
lramosb,0
ecoloxistasvigo,0
ivanvilamusic,0
PandiAndres,0
trblnyx,0
culturaenbici,0
domantonho,0
trikcode,0
id_DOCENTE,0
JusepeNovos,0
El_spacebound,0
ecebrian3,0
mb_ins,0
Giancarlo_2908,0
jarbues,0
Malthus_dlaRosa,0
cprm80,0
RuldezY,0
asunawesker112,0
Janss014,0
tuxxy,0
EdgardoAE2,0
carocerri_,0
MigBriones,0
fillboy6,0
albertormenta,0
JesusCCruz,0
LaMatemaga,0
rainbow_girlw,0
zerojuls,0
Chepe,0
OmarGPacheco,0
_pilliin_,0
coronadocarol,0
anaragomez,0
Djjhenrz,0
Pablo_MDD,0
ninesterling,0
heimerpino,0
arbet70,0
C_pessellin,0
Ulisesscher,0
geoheredia,0
geocomunitarias,0
yayamanga10,0
CEGColmex,0
Leoespinosa76,0
GIL_UNAM,0
scala_raul,0
indira22221,0
TurkiAntof,0
Monica88942544,0
Azul2Rc,0
OrlandoPerezEC,0
tania_renata,0
pumita1265,0
hjrzing80,0
RofikPop,0
Soledadmendezm,0
suannymosquera,0
outstand,0
drfcalderaro,0
Bibianaloal,0
IDAIPQRoo,0
jermainewoker,0
eluse44,0
rioschala99,0
EFRAAIZA,0
CarlosaUruetav,0
felipe_ruizb,0
QuetManriquez,0
omarrojasg,0
Marialmemus,0
ehlm0205,0
katli_01,0
Dolucy,0
NandoDF,0
jorgearrmx,0
godovipa05,0
TeacherIndigo,0
juancopi81,0
CarlosGimenezL,0
indignadoazul,0
lorengghu,0
ElMonoEstresado,0
marycoder,0
ScalaRaul,0
BiblioColmex,0
beagalarzo,0
Carlitoz22,0
milyberrios,0
cuentasdavid,0
FridaRuh,0
lejandromujica,0
bosscitylil,0
GaboDiazV,0
JuanAndresLond,0
carmen_millor,0
cortez68001,0
ocandoj610,0
Judielvysmoral1,0
Gsanchezf76,0
Emidiana100,0
carmens06085191,0
Sehiren,0
DilioFerrer,0
JaimeCerdio,0
tm_joel,0
SciELO_Chile,0
ftapia,0
ADRIANPACHECOS,0
lamayala01,0
babuOO3,0
mausalgado,0
KevinCarrascoQ1,0
luis_senior,0
jano0907,0
JachamenVE,0
RParejaRoman,0
workingbnb,0
mytypeofradio,0
Josmullins,0
wolvy_k,0
32Atom23,0
klaby_nzk,0
vllona,0
WUlate,0
lisbeth27161768,0
Oneida06855696,0
RedPalta,0
Untrustedlife,0
ePerformSAdeCV,0
aristrog6027,0
TereVera1,0
igorprieto,0
tupacoc,0
dsolert,0
idgaf1986,0
OneHealthSalle,0
EpiPublicHealth,0
EdwardAponte14,0
PonsNiurka,0
peyopeyo9,0
3dilusion,0
FRCretweets,0
nut_secofr,0
PolkadotUruguay,0
JulioCBonillaG,0
Laraformacion,0
Rey_Crypto_,0
osoriovictor,0
sape_Udc,0
amart166,0
Millatheis,0
JousebioRamos,0
marprol,0
CarlosMonsalveA,0
garmongijon,0
jrm2406,0
ibm1955,0
Jenny90309248,0
BsvLearn,0
BlogueroDigital,0
merentes_pedro,0
FundaciteLARA,0
PLuma_y_Verdad,0
casteandres93,0
CabricesMdj,0
laclarainfo,0
reinaldo_50,0
JayJayGut,0
DrJohatsonFT,0
FranklinOrmaza1,0
CLoeschman,0
xngelguale,0
PilarCo70133476,0
kaxtillo,0
MaurizioMulas2,0
2023davilaRosa,0
aramirez1979,0
15Gorditos,0
MarthaNery28297,0
ZakielUriel7712,0
plancovictoria1,0
Ngarcias1204,0
maria93496139,0
guivaloz,0
INFOSIETEC,0
castro_garrido,0
zusuoey,0
talessut,0
gedekinzu,0
datormx,0
buleciacu,0
patriatwits,0
terpaleat,0
yadidleon,0
monalisiaq,0
lgmb29,0
persypaul,0
kendietuet,0
tahtaneu,0
antikeruy,0
Guidomilciades,0
aley1238,0
CSR64373602,0
ncooper57,0
nodi_rani,0
gmswa2200,0
JosAntonioBello,0
RonyRon70808658,0
eliasanchezg,0
ShahjahanBfb,0
jovisaib,0
d4671087,0
Chacn11Lourdes,0
shakilahmedjoya,0
raniapu882,0
NaimShe04,0
silver06256425,0
AlMomin69323155,0
flolessvictory,0
CristhianDrl,0
Gygyo2023,0
J3sus388,0
Jeferso26343839,0
EibelynL,0
SheikhS83785804,0
MariaCa67018338,0
Riyaj07196939,0
OEA_GestionPub,0
acuario2268,0
Adart23,0
leonardo_m_95,0
jgomezgl,0
SaraUgarte,0
Alexand91051593,0
arritino12,0
artmarin,0
26Rafaelraulinf,0
mizulawf,0
MayiVely,0
DiegoValbuena00,0
4PONT3,0
Cristin60507906,0
Giordan20332063,0
ElioViejo1,0
chiquiro570,0
Ronald_JAngulo,0
luceniatb,0
Yosmary31861823,0
solmilagro01,0
mariajoseabreu,0
yaced16,0
_dotnetbot_,0
Juve12098,0
lilianazeladaru,0
TotchiePho9,0
Holisdeamanda,0
AliciaRigonatto,0
torresabelardo,0
andrusensei,0
DerpiertaChile,0
rauldoc48,0
simonlautaro,0
cesarbaldi2,0
aranza1923,0
perrelialexis,0
MarDiezHenao97,0
loretta76520308,0
GuantanamoEas,0
FundacitezuliaO,0
LibertadMarta,0
ElOtroRockRadio,0
PONS_RU_CTTC,0
santiagocce,0
CAbrisketa,0
vikcthugo,0
JENNYFERVELEZ12,0
sergiotm1986,0
OpenlabEc,0
mbara629,0
Auxilia1999,0
BerleMargarita,0
Fernanmarcucho,0
LamasLeyla,0
GeronimoUztariz,0
DevTTBot1,0
piolinaroja,0
hernandtome,0
silag31,0
BettyGaubicher,0
rvilalta,0
BibAmericanista,0
FedraOij,0
LucesAvila,0
SECTEI_AAC,0
rrocio,0
cgainza,0
MunozPalma,0
YaditzaHenrriq1,0
yadismar31,0
SamuelVargas80,0
MilaidisAuty,0
tibu774,0
Gustavo41510164,0
marijo_de_arcia,0
jldiaz_ar,0
AlanGordo6,0
anyeliszambran6,0
Diana48923728,0
Investiga_UCEN,0
okofk1213,0
FelipeP12362531,0
renaldy_leal,0
DIrrite,0
lagoida,0
amarilismatos47,0
yelitza96989818,0
villegas_pao,0
ChelaaVelasquez,0
INNGENIAR,0
Jesus39403866,0
AnaJime15966595,0
ZamudioEstelita,0
comunica_red,0
josegar66372682,0
nephlyn,0
CCue0904,0
spider0388,0
JuanZanbrano3,0
pedroiescalona,0
LorenaQba1,0
luzardo_americo,0
AlehiKoool,0
pahua_ra,0
MarisaSicilia,0
RamnFer80548812,0
skjimenez,0
Beatriz33099613,0
JoseGre97739665,0
lilidiaz8,0
IVinajera,0
AlexyeiMederos,0
AleLRoss198,0
samantha_font,0
MerencioYulia,0
BiariVelasquez,0
DiazAquilar,0
ManuelZ38059710,0
corro_jhohan,0
Chelsea76227131,0
pakita_cuba,0
yordanyhabana,0
UNICEN_Oficial,0
lukitascarbo88,0
capaudas2012,0
YaniZambrano3,0
Miguele48694990,0
JRebench,0
alexbaez,0
AytoMurcia,0
laportego,0
MajoPineyrua,0
esperpentos,0
juand_cortes,0
AntunRomulo,0
luisfer81567047,0
MyriamGarn,0
1jonatan2,0
LinaporlaEdU,0
LeskyRodriques,0
LeyvaThaisRuiz,0
eskole,0
lgzuan,0
ONVentura,0
fcaiafa,0
aiqu_uruguay,0
CastilloYoelina,0
ElsaVela8,0
Edy_V77,0
SofiaSycamore,0
DanteAlmeida10,0
mgarridoarias,0
mc_cogal,0
gabbyvelascor,0
irmajarai,0
tereaxe78,0
cesaretamayo,0
CarmitaAlvarez1,0
pentytef,0
ladriyoo,0
g_bernall,0
upbcolombia,0
Facdeh_UCEN,0
slondonouribe,0
Bctuab,0
dreamgirl_3vil,0
TurturroLucas,0
janema_7,0
Fegoc_UCEN,0
jhoneimi,0
jrtuits,0
MSilvaMoyano,0
Laumunozgon,0
Jaimeveme,0
EAFIT,0
galovargastvu,0
damiantears,0
florez_yeisibel,0
andidelfuturo,0
Adaramona3,0
institutomora,0
AlbaniaChacin,0
OEIChile,0
LuisErnestoPaz6,0
PortugalOei,0
iremi_harumi,0
MutioJorge,0
nachovi61,0
OEIEcuador,0
Ricyt_Indicador,0
CamiloJCO,0
ObservatorioCTS,0
IndicesRed,0
xiomara48807472,0
cristinajunyent,0
Wilmer_Luces,0
Ciencia_UdeC,0
severaparra,0
jexsongonzalez,0
CHACON39348000,0
Krstika,0
orlan02592207,0
sorais,0
carloscarballar,0
catalinamorfin,0
SocratesSoltero,0
dgonzalezhdz,0
AnelZambrano3,0
SAILAN42704711,0
AlvaradoMaigle,0
Richard75785,0
dorisfm,0
GladysA1949,0
albayardo,0
maria78393908,0
maria27130653,0
Fsierra5Fsierra,0
jjva290572,0
RICARDA72391439,0
Pol_y_Analitica,0
maraicolmenares,0
suleny73,0
RonnyO24,0
NestorP1957,0
chavito64349839,0
MayraBez1979,0
JoelMor81783497,0
lupe52502272,0
jonelvisBerrue1,0
LauraAlmada,0
PosgradosITESO,0
ObsLegislativo,0
Ana14233,0
ricosushi,0
ivangvega,0
BernardoMasini,0
Eneida14233,0
carlos96464098,0
renagonzalez26,0
ruthxelygonz,0
Natalia15786737,0
gif_uc,0
CENDES_UCV,0
AdolfoCoboUC,0
Suarezzyoselin,0
chillynieva,0
MANUEL33825899,0
isazayarkinson,0
Carmen14233,0
rggja,0
FZolessi,0
rafavilwebsoc,0
elvisguevara03,0
Betty22451356,0
deivy20498569,0
alex79465321,0
fany88790381,0
Jennife63197781,0
antonie56063664,0
KenndryWorm,0
Nanci57550956,0
Elianar1986,0
alexflo1972,0
RafaelV09675174,0
karlisbeth14,0
LisfanyC,0
Aramartinbis,0
AlexB301000,0
BettyA2386,0
jennire42536050,0
AaronB1773,0
cimatoficial,0
EduardM64138290,0
andrein04918568,0
franrejon,0
IDLofficial,0
matg20,0
Jleon301,0
Vanessa28878968,0
elcolsan,0
isabelmariapir6,0
CentrosAnid,0
CarlosRuz_F,0
gusgame,0
rodjeka,0
FIUPM,0
biblioUPM,0
AquilinoAvila1,0
LuigiPa31611205,0
BarriosRonexis,0
PabloDugarte14,0
Katerinmontero7,0
RACABarcelona,0
innostudy,0
YessyBarrios4,0
Danielapena1993,0
Denny05021990,0
RojasCastroA,0
bibliocasapatin,0
lluisanglada,0
BibliometraF,0
exploravalpo,0
infolar11,0
Innova_UV,0
InvestigandoUV,0
hada76,0
ConsMadrono,0
directorivic,0
loisinneth96,0
uris84,0
salvarado284,0
danavido,0
vargasformacion,0
Belice2012,0
mi74218824,0
gjgonzalez7,0
YenniKaro1,0
muhtar_wicem,0
celina_sulbaran,0
Yar01C,0
miljimenez05,0
MislenysFuenma1,0
Dilia1972,0
infliberamerica,0
yamilis221,0
edguita12345,0
39Virmary39,0
MarcosViAp,0
AlidaCorzo,0
jjmadridh,0
manugrapevine,0
REDAstronomica,0
susanasanchezex,0
SocializaCIDA,0
OpenScienceFAIR,0
PelaezRolando1,0
CedenoYusmira,0
jgarridoFfm,0
LaRosaInfoven,0
leonpsuv1,0
ThaChacoa,0
infomovil19,0
torres_jahana,0
ipostelcapital,0
derlytalopez,0
Guricoinfocent1,0
InPortuguesa,0
comunicacojedes,0
diazmontes18,0
BcCojedes,0
RosirisD,0
_CienciaAbierta,0
parranestor,0
Yeseg7,0
MaraRoj18,0
centro_cida,0
levigalindo,0
fxgv5,0
carlosp403,0
fundacitemerida,0
edisbel04,0
Matsu_mabel,0
IFA_UV,0
Mabel_Keller,0
belkis25450547,0
OpenUC3M,0
Jadillemussa,0
samielgueta,0
infopaya27,0
rvletelier,0
florisaut,0
InfoLosHornos13,0
raulim50,0
ConatiOficial,0
cientificaMujer,0
JFcoFuentealba,0
soylacarlii,0
luismaelpana,0
fundacitetru,0
dulcey_lilibet,0
WilsonJose2212,0
Mincyt_VE,1
L3n5s,0
CSICdivulga,0
rcamachotoro,0
pastorams,1
lauraorojur,0
evamen,0
ESCiencia_CSIC,0
PujadasJoana,0
nao_xiomara,0
MirianFebres,0
jeanmar51181788,0
abgypm,0
migsolorzano,0
MarcanoSiempre,0
UNESCOmvdo,0
Leteosplace,0
CDEuropea_uva,0
secrtariaclebg,0
ReyBorrero,0
AlemanyCecilia,0
JCCERUTTI,0
beatrizcenturin,0
sebatambusso,0
aceiteaxilar,0
AngelDuarteVen,0
ConVmro,0
wilfrana,0
BastidasNaty,0
alexmtz_mb,0
SMMEAC,0
ChatoGorordo,0
AbesoainS,0
BlancaVelasco77,0
Bibliotecas_UC,0
Hilda_3845,0
fareniente13,0
EspinosaCristia,0
uta_otl,0
cundurraga,0
invipesca,0
SeremiCienciaCS,0
InES_GeneroUV,0
bibliotecnica,0
aniks86,0
dridelatorre,0
AlainChapleGil,0
msanhuezacelsi,0
anto_toninayc,0
GonzaloLagosMar,0
15nahuel,0
carlaguzmana,0
min_ciencia,0
turingway,0
toninifer,0
ergocho53,0
LuisRDelgadoJ,0
JosCarlosMorill,0
leboixta,0
aeryn_thrace,0
Xonxagg,0
RiuNetUPV,0
annacasaldaliga,0
vinadenuncia,0
annaguillaumet,0
rebiun,0
bibliotecasusal,0
OlidenPerez,0
mezquitic3000,0
vilae_uv,0
jgranados2303,0
bibliotecaetsii,0
gsantoshe,0
cristina_azorin,0
JordiPrats,0
CDE_USPCEU,0
BibliotecaUJI,0
GREDOSusal,0
BibliotecaUPCT,0
ILIA_CSIC,0
CSIC_VAACT,0
ConsuGallegoLib,0
bibliotecaule,0
KnowmadInstitut,1
bibliotequesudl,0
srta_replica,0
Estupinya,0
pacobib,0
LidonParis,0
UdGBiblioteca,0
bydcanarias,0
UAM_Biblioteca,0
OEWeek,0
LabmedLtda,0
magdalenaER,0
asomunisvalpo,0
BARRATA,0
UFrontera,0
explora_cl,0
DieJGuz,0
consorciocincel,0
UsachIngenieria,0
umaeditorial,0
DavidLantaron,0
DaniellaAGM,0
Noelia_Burgardt,0
NaabTeresa,0
unican,0
UCLMdivulga,0
julia_kling,0
florian_toepfl,0
EdQuintana,0
jsacristanparis,0
clparrac,0
MarinaRG_CSIC,0
ENJOIproject,0
ducuchu,0
LandDams,0
Ernesto2030,0
oper_uv,0
Fedit,0
lbonoraeve,0
JCGarcia_CDTI,0
psbaut,0
Lidiabueno10,0
UCLM_OPE,0
FonsUECat,0
Europeos_CSIC,0
athinacp,0
MarimarMesas,0
HE_Movil_CDTI,0
m_herreras,0
PTEeVIA,0
AnaMLosa,0
martamarinba,0
ofpiugres,0
UAIccinfUCM,0
cbd_industries,0
Facsalud_UCEN,0
UAFGI,0
DonPorrero,0
rockernaldo2,0
fafddeportes,0
SeismoLalit,0
gshelor,0
SARevangelist,0
ANID_Abierta,1
SistersofSAR,0
aJollyAdventure,0
eunicer_,0
EmilioOnate,0
poetarojo,0
MCayulef,0
DnFredesG,0
CristbalOliva12,0
AlejandAyusoDi,0
sumaro76,0
reb_joseg,0
gazt_harkaitz_z,0
PatriciaMelgar,0
GuiomarMerodioA,0
IEO_GIJON,0
MA_Torres_Leal,0
Mariasthecker,0
OpenScience_esp,0
IEO_Malaga,0
ElenaRocioSL,0
IEOoceanografia,0
Masoneria357,0
DominemoslasTIC,0
revistaBiD,0
xiscan1,0
josep_codina,0
DJGG2019,0
ludwing_ra,0
EFRJK,0
BConducta,0
JFFMen,0
king6_roger,0
bellooswaldo,0
matiasbaldanza,0
kevelscy,0
snatch824,0
LuisMej33397859,0
YoQuinteroO,0
duvicrack,0
jamontes79,0
S4kurak,0
Camilorzh,0
oriolpuigbuil,0
nelsoncode_dev,0
PACCO_23,0
LucyFerasa,0
miltonn1salas,0
santisebas10,0
Freckedecke,0
ManoloSanchezA,0
WutForscher,0
ptu_us_es,0
pheralb_,0
JonnyJi50127056,0
4b3rf05th,0
juliancamposes,0
V_McLaud,0
AdeleKeri28,0
pablitos23,0
ripe_avocado,0
JeampiereJhon,0
MauriciogLucero,0
Vivra_io,0
efraintp,0
kzid,0
Netotweety,0
robertomanchado,0
yellyoshua,0
AvanTepec,0
elenalabrado,0
JohnJonny1,0
carlitoswayec,0
jfcarpio,0
victor_ruiz,0
mdserrat,0
ryuu__no77,0
jocve,0
margaramarie,0
Auradecristal87,0
JezerFerreira,0
thesecretouniv1,0
juanpass,0
AbelTLKSCrew,0
Hipseo1,0
xarl3ia,0
m3m081,0
JackieAR9,0
OraBita,0
_austral_,0
BihiMiciMidi,0
raquelh109,0
phluisma,0
mauropm,0
juliancrvera,0
SebasPaez,0
mariacappaf,0
MiguelPalenciaD,0
jorgekamatxo,0
Pitucaleya11,0
F_P_M_TWITER,0
DevianHernandez,0
carmenansio,1
JhoanaEspana,0
soukin13,0
penpotapp,0
t_crego,0
ProfFreddyM,0
boi_waste,0
CCC57297653,0
cikeron,0
KevinSarria20,0
maricelbros,0
CentenoSteysi,0
electroalej,0
TheKazakii,0
Niskinchanfu,0
JulioJulioemi,0
Matti_mcc,0
Steven1909,0
kei_lyly,0
caracas_user,0
JoseBarrionuevo,0
nicodelrosar1o,0
ARTEKLAB,0
No_te_Humilles,0
GmezEzequiel,0
mAzEUs69,0
CarlosTheSailor,0
matt12stones,0
Arm_casas_r,0
eduart_ort,0
kaiowafull,0
warlockhl,0
Echo_Hunter,0
javotic,0
fcbjavier12,0
Uuuriii_,0
custkanos,0
ZimriRosas,0
Marron121,0
SiestitaLover,0
Jawss33,0
kad_duque,0
novoamz,0
amiltak,0
Alejandro_Loyo,0
mb_12ok,0
ElTio_Ben10,0
walterkstro_,0
mateo103334,0
daftnemesis,0
curlysier,0
jaider210,0
JimmyEspinozaF7,0
cgles,0
quentncutenmedo,0
ThatOneDumbFren,0
xTh3No3x,0
rafacardona,0
carlangas_paez,0
marianoeldiez,0
J_Robayo,0
KBrown,0
FRAN_JAVIERUS,0
kleov_,0
tonyescobgt,0
_xhelx_,0
ImaginaTeLoCreo,0
javierfelixES,0
formerluni,0
Arav_e,0
w3sams,0
Eredoper,0
lutveg,0
_pepedel,0
lauralbasulto,0
MedinaTomas10,0
mpereiraf86,0
gvalderramah,0
195Blue,0
javierfigueroat,0
MoureDev,0
d_caldasCaridad,0
OFuzzer,0
Mariareyes19791,0
RealIvanSanchez,0
AltRickHunter,0
arsoft58,0
adiazcan,0
LaboratorisTIC,0
Bad_Spencer,0
andreuibanez,0
Mario_Ezquerro,0
diaazyj,0
jairo_yean,0
saintwukong,0
sparraguerra,0
cmendibl3,0
msdev_es,0
susanabittinger,0
GukZ140,0
MegaChestercat,0
Somklorios,0
Octagon83774441,0
MGraciabar,0
Misaelkz,0
sumbunnysumhare,0
andreweb3_eth,0
marck_fire19,0
azorcode,0
negrunch,0
ReversENG_,0
Renatombm,0
PepeHatesNFTS,0
Jasonconjota,0
ffranrojas,0
cardugarte,0
UNAMerida,0
IreneOtero_,0
opendatacharter,0
audiouruguay,0
albe_torres,0
uribejl,0
fabian14cruz,0
miguelmartinpas,0
Cord94A,0
santiagoparraRJ,0
fsusanaj,0
personalrhesus,0
PythonRoboto,0
carlitoscapote,0
adri91_ouyeah,0
IsraelLorca,0
98SED_,0
MarkyWTF,0
GenaroJavierPL,0
NoLegalTech,0
abazal,0
Zetah_JS,0
Minimaximo92,0
FAntonov,0
Juagacha1,0
jframac,0
OtraHamburguesa,0
alafuente,0
cibernicola_es,0
dxtnpaco,0
ramon_armero,0
MikhaNika,0
LMocay,0
eLeGepuntoGeTe,0
sugus_etsii,0
luisromero226,0
emerling,0
martific,0
etsii,0
pepeleduin,0
eliesongo,0
v4li3nte,0
richie_anaya,0
AE_IESRACadiz,0
wimel85,0
delawen,0
edulego,0
Maikiki_Oficial,0
loxalibre,0
realrubberduck1,0
ccamachog,0
CyberDFIR,0
fred_pena,0
israel_cardenas,0
jamdiazdiaz,0
jconfdominicana,0
yepappsys,0
es_molano,0
FrankSanabria,0
casm37,0
NortheasternAI,0
potro16476192,0
PyCampES,0
Melanio4,0
lumusika,0
ignaciomelero_,0
ferflo92,0
_TinoAstur,0
patowc,0
Glorialderete,0
arturitex,0
Albylafu,0
lamparadiogenes,0
Etehcan75,0
UBUEstudiantes,0
noes91,0
piaseca,0
oscargjg,0
NogueraAmilcar,0
allaboutlyto,0
Albert_Edero,0
augustoccp1,0
valenxx,0
ocoronelc,0
_recifre,0
DieRubin,0
ElioE_LopezN,0
ScieloMx,0
HoyEliDenuncio,0
HFranchella,0
TelefuturoInfo,0
paraguaycom,0
lcodina,0
CarballoJR,0
deponce5,0
Educarconsenti1,0
danreyesl,0
pabloriverabcn,0
cir_on,0
Patrimurcilogo,0
CsarCuesta,0
hematologo,0
AAVahos,0
feministes_cat,0
cristinamayl,0
HosPuertoReal,0
carminaovargas,0
MauraNaslyMosq,0
MajaVelez,0
CesedUniandes,0
nachol15,0
GyPP_CIDE,0
CarlosLopezosa,0
boleteador,0
fmorellogarcia,0
mikaela_paola,0
saksenaea,0
CucaLoste,0
SReferencia_UBA,0
japicomon,0
JoseLT14,0
lucasbarme,0
JCRedondoG,0
NuriaAndrs1,0
Ignacio_Jacob,0
Jesal191,0
zenzizenzike,0
AlexisT21990486,0
RealCirugia,0
cesarcardenasj,0
DignoMontalvan,0
Genio20cardio,0
Ferguisil,0
amandaaescala,0
MediciGuillermo,0
scielomexico,0
PintoPyro,0
CarmelaC7842,0
CSiligine,0
Anfet,0
__flawless2828,0
Brayan_Huayra,0
francbarragan,0
jcobaya69,0
rc_merche,0
onofre_casas,0
Aristizabaluis,0
Humberto_2020,0
FCEIUchile,0
jjcanido,0
lmfloresc,0
seamistmermaid,0
CeydeUPM,0
paulularia,0
emperatriz1962,0
Twitherer2Mo,0
JaviMoscarella,0
nelsonlo8,0
pablopether,0
Cedillo10,0
gersonlt125,0
Antoniogomo,0
ObaOs2,0
RmJohnatan,0
teresaaatf,0
cramirezflorez,0
francis50622725,0
QuintanaArahon,0
MaFeEsPaz,0
ElisbanDante,0
Abrazo_31,0
Pensante666,0
xene1ze10,0
jpcasalda,0
avecesprosa,0
ElGaviero12,0
deut_med,0
carriazojr,0
geercee,0
MJGarciaFolgado,0
books_and_birds,0
christian_hos,0
Kobe_Liberal,0
Sobreperdonar,0
cesarperezmor,0
corderodaniel7,0
marpinto__,0
CrsCervantes,0
lizbethcita,0
arturjoyeux,0
abustam43542280,0
omarojash,0
urielalta,0
EddyRam78919189,0
Alelozanov,0
david_choin,0
alainelguajiro,0
BaMv372,0
boomer171017,0
Claudia_29c,0
florccastells,0
Luzdelerrante,0
LuisArbaiza7,0
pame_andres,0
maqroll30,0
EmilioRenziP,0
toroalvarol,0
arenovski2,0
Joselopez0784,0
jaimalida,0
joefaboar,0
Urpi72,0
Leertllevalejos,0
jfmusino,0
Cvelasquez29,0
ArendtNetwork,0
euzaguirre,0
queencapibara,0
JRuben29,0
ShakilaGuido,0
draestrella,0
mau790xD,0
estercanma,0
halohe10,0
kvivianb,0
TaniLop05,0
ScimagoIR,0
le_rober,0
chiwiperreo_14,0
LilianCVillalba,0
elmemorioso06,0
Mayo_rista,0
aldo_pg88,0
juanftp100,0
Edmundo1455,0
nokthambulo,0
ljmg0,0
enriquefballona,0
Xr155Chris,0
ArescNettlau,0
cruzpalcielo,0
roferes,0
Contracandela,0
victorino_mh,0
RibeiroGP1,0
jlmgarvayo,0
arqecal1970,0
micaela1821,0
aiesad_org,0
eHealthUOC,0
doniaequis,0
webisblog,0
ahira_de,0
LatStudien_FU,0
EditComillas,0
ComillasRefugio,0
UCAVILA_,0
Comillas_iuem,0
TeoComillas,0
richardcanabate,0
infouex,0
BDLab_UOC,0
ISCRAlmeria,0
Somosfullconto1,0
juancali181063,0
DianeTudor,0
ricardojcht,0
TicEducativas,0
librosraesccs,0
SoyAlejandroAl,0
jazzpilar,0
OsnayaAC,0
AntonioLasa,0
efrenpina,0
Muerdequedito,0
MiquelOrtega,0
LOOALEX,0
alejand79584809,0
BogartGustavo,0
aruestao,0
CAZADORDELEYES,0
utriaguzman,0
gustavoluivilca,0
JeanLeninVsC,0
OM_RCastro,0
wjcarque,0
volvito12,0
dani_579,0
AlbertoEsVa,0
PabloMcFly,0
Abdieler,0
MediacionesMX,0
FundacionGifet,0
Anaki40,0
Chile7171,0
YaNiPaper,0
elisa_sdem,0
joseninac,0
ReleMapuche,0
catedra_MIFID,0
CitizenDin,0
Ronaldgeografo,0
jdgonzalezt,0
moreiraemilia,0
BC3Research,0
franzhf,0
AcostacKelly,0
Alandalusi7,0
leliflorez,0
giacoia_marcelo,0
marioabrahamb,0
JAIMEAOV,0
AreyesFor,0
I_PUIGVENTOSA,0
CristinaAlcalaL,0
reverdeconcausa,0
flowersofmetal,0
jeroriveracine,0
YESS_Network,0
GremaryA,0
CaroGCarm,0
alpa_2500,0
ipbeses,0
ivan_pr24,0
ekainet,0
sofiananni85,0
batrakios,0
JuaneSala,0
Carol_Xim,0
jorge_suarezm,0
PabloJons,0
yoanmolinero,0
DrJavierCrespo,0
VicenzoMG,0
sepdigestiva,0
Rocio_dela_Vega,0
pabloberrocal,0
reseau_EFE,0
CRodriRodriguez,0
AEDTSS,0
alvarogallego_m,0
aldovivar,0
Lolo_sdb,0
martatejedor4,0
kekasalgado1,0
josepmrts,0
LoyolaGC,0
SantiagoMourelo,0
JuanAlbertoLudu,0
AntonGoro65,0
soymarcosalas,0
CCHS_CSIC,0
RuthImedio,0
FrancisQuiquet,0
QuiquetGrao,0
MariaLuzVega4,0
paualsina,0
ruthclarena,0
PonceMartinezJF,0
ClaudioBarriaO,0
franorgi,0
DavidRuizGarci,0
esomi_udc,0
Valeska1008,0
claudiogelmi,0
Xiscolir,0
rfaradji,0
SHESanMarcos,0
intermedio,0
Ale4twit,0
PeriklesFC,0
josefer_juan,0
CelestinoGutirr,0
p3palazzo,0
lmi_net,0
smtez,0
AutonomyBlearn,0
joppcc,0
aaguilarmart,0
fmamanif,0
blackheart399,0
nahayeliGomez,0
manuelrangelc,0
Leticiarmentamx,0
PrettoGuilliano,0
Clau_RmzRenter,0
cgironella2005,0
aldo_ferreira83,0
santos_maria2,0
interneurona,0
FaustoLiriano,0
BUNAM_mx,0
Bach_Faig,0
Rebecca_Martin_,0
dremarquezr,0
paloma_almeda,0
Alejand63209261,0
zhoupengstudio,0
PetrifyingW,0
UCLpress,0
adolflow,0
_sadago_,0
Sape_BY,0
faq3pa,0
zalotesta,0
marcelo_a_leon,0
nwolovick,0
nazirache,0
Aguchosolano,0
valenzine,0
nossadeportes,0
FilosofiaUCM,0
enlace_alemania,0
BarbieNiemann,0
JucaRufo,0
Laurazul29,0
FEPAnimal,0
RabbitRescueS,0
Moonrider_acme,0
slavegitzultzai,0
LornaJulio,0
dianaharm,0
edgvargas,0
MauRoverssi,0
IYAFP,0
AlicjaGarcia,0
diva4equality,0
BibliotecaHUVN,0
Pilar_Serrano_G,0
IFeraudy,0
elNegror,0
iker_gb89,0
1_dundermifflin,0
Yerson_yeko,0
Rony_bueso,0
RukoxD,0
jjcw88,0
fergg10,0
DavidRP_83,0
Blaugranda,0
jcelconejo,0
juantenorio1988,0
dhizz15,0
GhosterPR,0
niocigarette,0
toledoj_,0
Rexar19,0
AdrianRafaelDi5,0
Elismidnight,0
028samuel,0
afalcon89,0
Antonio10853157,0
NeroInquisitor,0
Franzcito20190,0
cleopitty,0
MARIAJE77,0
federicocolmen,0
joseiglesiasri1,0
CarlosRamiril,0
Zuly05387890,0
David_CabreraC,0
KarlaSolyLuna,0
AUGC_Andalucia,0
FEstrada_C,0
AUGC_LEON,0
jairamnios,0
AUGC_SEPRONA,0
JosePerez9098,0
RafaelRolon5,0
DstelloVerde,0
chaps5588,0
Corzozo,0
ebuendiad,0
gabyislasf,0
MenyoRojas,0
lztwitt,0
vdmmty,0
Isabelagom,0
chiquis0922,0
OyendoDiscos,0
mad_maggs,0
Ricardo_PUR,0
nany_sand,0
Mar_Jassi,0
RL_Ragnar,0
Espaolayol1,0
A_Reyes_Miranda,0
aidacucho,0
LuisM_MB,0
bvaldesp50,0
IseikeB,0
callejasalberto,0
712madrigal,0
waesstef,0
josefin04000041,0
VivezVotreVie_,0
mgomezrobledor,0
OrteGongora,0
CynthiaKimM_,0
justmad,0
juliopl21,0
Alexxdicunta,0
antonioortizma2,0
ZephIV0,0
jrisco,0
EscutiaIsaias,0
leonugo,0
MoraBurgMila,0
jvnet_m,0
manuelv11196150,0
sespas,0
Fili_Navarrete,0
_CarlosRN_,0
Lic_Ramirez07,0
subiscotti,0
Altagra93656951,0
abisoy_,0
Papo_yaca,0
Interapas,0
arconu,0
SerranaPedrago1,0
viboron65,0
huampoyotl,0
MJHrtsJmnz,0
DanubianoL,0
mximo10meridio1,0
angel30726164,0
Rafael89943831,0
Lusotrecedoce,0
Mike_O_Mora,0
LilianaEsta,0
elegeve,0
Inzurrekto1,0
ArisleydaTG,0
LucyMariscalC1,0
Giovann69231268,0
Ydlan,0
OEA_RDominicana,0
tigotanguanche,0
padron_09,0
cloerasoto,0
NormaMedinaRoa,0
javifagreda,0
AleMAusc,0
EDGARSARDI,0
jurisrob1,0
valentinar_p,0
ivanojedapy,0
Jcalvarietti,0
oscar42850297,0
lluvianicee,0
lacajadelata,0
PcanalesgPedro,0
IluminacionIde1,0
cucurruqui,0
MariaFer1417,0
AndresenCasa,0
iVentosinos,0
aleck2000,0
JulioCe10476633,0
delgadohector58,0
nerinab1,0
linoportero,0
umh1840,0
rformigli,0
IrenePertuso,0
ReneeGa79892548,0
letraschiquitas,0
FedeMorandini,0
muamua777,0
Mike_Glendaran,0
GuillermoBartu3,0
OrodinB,0
VicentePatio12,0
juanpa2112,0
karibopy,0
CRITICCOO,0
alyozu557,0
juasiepo,0
ProVial_CLM,0
IKikeAguirre,0
PGMelendezHG,0
JaimeObregon,0
carnebook_com,0
Damadeltrading,0
RdeDominguez,0
ElsaFernandezA,0
mavavi72,0
JavierMendozaRd,0
Crypt0profe__,0
clarayesenia8,0
AreliNavarrette,0
Michaeln26,0
hellvikyoficial,0
MokaMonka1,0
mxgxw_gamma,0
JesusRo71429371,0
afigueroa71,0
BrinClary,0
Rampadva,0
EDUARDO02645036,0
Leticia53231124,0
IleMagana,0
Chicho086,0
egdaraorozco,0
DiyiPeralta,0
ariztan1,0
ines_guti,0
guchy_________,0
seba_flores,0
doroteo64029862,0
RAMex_21,0
TeresaFundora3,0
AbenRabanales,0
JoseGarriga16,0
KorpzeW,0
aglezluna,0
LauraUr89551013,0
Vanakarinat,0
elgeorgepineda,0
BetyVenegasG,0
licvictorh72,0
JorgeMachucaL,0
AntoniodelaC7,0
MecaJony,0
Paco_Estupinan,0
clau7509,0
OscarSamue14,0
EdgarRodriguezK,0
BeatrizdeAnta,0
NiviaSol_,0
LuisAlv323232,0
JaimeRomanINAI,0
luis_monlu,0
getAlvaroDiaz,0
yoremesoy,0
AnaKarenPaSa,0
QuinquePolitico,0
RegSureste_SNT,0
MeDicenElBeta,0
obdolapro,0
BellDamaris2021,0
mablanes,0
Iran_Libreros,0
Rolbinsky,0
Patricia_ITAIP,0
dragon_serrano,0
MaAlejandraGG2,0
paty6085,0
jbarias8a,0
quiquelfin,0
ElJoseNaya,0
jose_guaderrama,0
Sandra_Romandia,0
ideariopolitico,0
Sergio_Escalona,0
GCobosC,0
AntonioLpez15,0
matiesau,0
GMonroyEnergy,0
ElCacheroMarcel,0
gabrielarr23,0
Alan_GarciaDiaz,0
Edgar_Rebollar1,0
Alespiral,0
fdobencomo,0
OscarGuerraFord,0
pajarododomx,0
felipin_raw,0
937908Mcm,0
karmejiaa,0
Miguel_Novoa_G,0
EmDiaz98,0
Leonlenos,0
lorecarrascoW8,0
ctalavero,0
Patricklubin20,0
Moiissess28,0
R97206801,0
pinkbrilli,0
maxximusrojas,0
nydiacervera,0
locoadams,0
Ajidderh442,0
ANALIZALO,0
GarciaCenarro,0
viguana74,0
gregvazq,0
lamemur,0
jafgaqt,0
ana_guerra71,0
Gabriel91714238,0
stefsanchez03,0
Cesar_62Nava,0
rafaba68,0
gemaricardezs,0
cyphill,0
gabinopradobar4,0
evegescalona,0
Andres_Montoya_,0
jcnajcarde,0
HumbertoBello13,0
ELIZABE42187985,0
SGarciaSoto,0
JoseBermu16,0
Juanmaferg,0
C_Mendozav,0
LOVELOV81835833,0
osman_gamez,0
pau_fergo,0
Monserr95257738,0
007Atenea,0
keiser_soz,0
Arielherandez_,0
LesterGutiettez,0
CrisosOskr,0
ghernandezJ4,0
_carloscatalan_,0
UnaDeCaracoles,0
Karimore7,0
Gusgarga,0
MJeCarrillo,0
Leeemorh,0
CaamanoBarahona,0
sandy_huerta,0
Manolo994,0
MarinaSR_01,0
LRomeroDguez,0
Ericktricks,0
DonEcija,0
CTFuentes,0
colegeografos,0
coco_garcia_n,0
opendataUEX,0
MCarmenSuarezF,0
pindiopindio,0
sapiens_a_veces,0
LunAitana,0
sra_fletcher9,0
nancy_gatica,0
AnaMarNavLuq,0
CHACHE_DIONI,0
thanerian,0
BaldiGari,0
jangelmartinp,0
DonRudi,0
SerafEH,0
ToniSudria,0
amoya62,0
AitorAnchia,0
DanyFlores0801,0
haeru_aguilar,0
mundopassport1,0
SniaGP,0
sara_montes19,0
TylerFunes,0
McculleyLilith,0
jcurielcuriel,0
robflores1310,0
MA3673,0
yare_hernandes1,0
lauraferrarihn,0
kim_hernandes12,0
FabiolaGarcaMe7,0
eljarin,0
FranklinElvir4,0
JRAyelet,0
EliasZam_95,0
positiva22,0
abonilla0520,0
AntonioOropoli,0
LuisGodoy_68,0
g3rsio,0
AlejandraVald5,0
MelvinM46,0
Lauritago95,0
MarceMoncada3,0
Roussfuentes504,0
yenysierra8,0
Yenyrubio6,0
CCCHALY,0
LeonorVallejo4,0
Jaru_Aparicio,0
GERARDOLAMAZH,0
BernerHeidi,0
nasdroviaaa91,0
TuiteraZoila,0
omarTDY,0
PLDComunica,0
AbogadoAriel,0
sergio681,0
otherpax,0
HugoHidalgoRD,0
SandraRazoP,0
estampajaponesa,0
StephyVelS,0
malvarez_smo,0
luchoburgos,0
sgadrid,0
joancinho1972,0
Mussgoby,0
ccabezas,0
basiuniverse,0
RafoBeltran,0
voxmarratxi,0
Leonrr,0
melvynherrerac,0
hernandimitriv,0
JuanGregorioMa7,0
brujoseven,0
racingueru,0
juanIlianov,0
AnaMariaSanNic1,0
paulmarin19,0
juanmalamet,0
UkraineNews11,0
rochigranados,0
ramendozap,0
iluminandos,0
rescandon1,0
igll,0
AugusTheDog,0
jessieslostpov,0
impd_p,0
dynfarch,0
Emeantigua,0
AbelPueblo,0
MARIAFL24325751,0
marizan_rafael,0
MauroSE83,0
gabrielortizm,0
dmgcancun,0
interinainaina,0
valquemado,0
ivgarcas,0
SVelascoJimenez,0
Mimonoamelioyo,0
lamedusadelamor,0
algoharemos,0
jomasaba,0
Okydonky,0
Mabelle2606,0
ERM84Md,0
RaquelCriado78,0
manuti,0
maygallega,0
FormacionDiseno,0
codicemontse,0
ErafoxZl,0
Ahmaduthman12,0
BoricTheidiot,0
vicadi19,0
alcaudon,0
begonias1960,0
chiky__97,0
IrmaA97278824,0
marx_asesino,0
MrBigGoose1,0
amelia_mtz,0
ricardo_gachuz,0
Jovi1966,0
asiinforma2023,0
DanielC41519829,0
TutelkanLtda,0
achuchones,0
Vishus2016,0
teo1357,0
fsalviat,0
HugoGonzalezLiq,0
piedras1981,0
bbbcccnnn,0
AlbertoPapasso,0
UrriolJose,0
IngAyuso,0
SanchezDinix,0
rgemagg,0
Aaron_OlmedoH,0
Fcojavierhs,0
kroff_ninoska,0
cibermanolete,0
Leopoldopy,0
NathDelaCruz,0
analani,0
donrichar,0
CIPyT_gob,0
RamonCab2014,0
alexisperezala2,0
despiertaaragon,0
DrFluquez,0
BibianaMaciell,0
Papintapin,0
UnCalquera_,0
AntonioNoberto1,0
aranchalapancha,0
mc99020813,0
etomast,0
LegnaSiulz,0
valmartin04,0
BasketValor,0
jcarlosmelian,0
ElOjoChurrinche,0
Michubichi1,0
UnaFachaMas_,0
DFazouro,0
jordiure,0
papapitufo74,0
MHDG1945,0
cuernecillos,0
caceresrosadoj,0
gomez_berrin,0
loren_perdido,0
docanbravo,0
Cris_Morano,0
monrodriguez,0
Flacso_Chile,0
rodrigo_ramirez,0
jinostro,0
CesarSaez1973,0
SolMarquezEspi2,0
abriendo_datos,0
Pericod99512769,0
zionclau,0
Juan_Gascon,0
ave_galicia,0
marceloaunu,0
pepisiruela,0
BetoSoenksen,0
MBEO1962,0
Miradelmar,0
DelfinaP10,0
Rene_Raba,0
CarlaCecil,0
Ozono_333,0
ketty2409,0
Eacor,0
alfonsopaulus,0
Pichu350,0
jalessandri,0
jorgemolinas,0
ELIHARKONNEN,0
jsalvachua,0
apacerartista,0
55FEMALE,0
chemarueda1,0
perezi27,0
RobertoNiro9,0
Anabelbeltrg,0
Flaca32762764,0
Anagolf1,0
AnaBeln_,0
UpvInnovacion,0
Gerardo28478900,0
David10070552,0
CtranspaUPV,0
Cree91163247,0
CPInnovacion,0
jmloarte69,0
marchelitolee,0
oviedista13,0
javivil1976,0
R_E_1971,0
milanabonita60,0
gencaticUV,0
Javierautor,0
Castilnuevo1,0
chantalapiedra,0
Lonchibiri,0
josemadretenes,0
antonio790602,0
CrissolForum,0
patrypons,0
CNMV_MEDIOS,0
teacherpresen,0
ElAroDeAro,0
1979Nati,0
sandycorrea94,0
martos_pilar,0
BARCENAMIGUEL,0
topo_gun,0
Blancafsp,0
mari_marab,0
CarlosSFLoresM7,0
panfilina,0
frannydiego,0
bebe15009,0
NoPotemosNo,0
Maurici41386181,0
HAIFA17570031,0
PeterPon16,0
BanosDiz,0
fnajeraoficial1,0
Luchostein,0
Morenamia21051,0
SirCligner,0
SusanaRivasV,0
tiempoesvida,0
YHV29451709,0
Aleph349Alfredo,0
BeanaNova,0
iudicobasan,0
Arce85Azul,0
jimmi276,0
CordovaOrnaldo,0
ArmandoJNB,0
javiergenta,0
MCLastra,0
IVONNERENCE,0
CiberEticArg,0
javi_cubillas,0
exder101,0
ManuelDeniz2,0
UnoMasDel68,0
Jhon_Jhos_e,0
RosaMarAG_VOX,0
red_ceci_ci,0
GerardoAgresta,0
juanitaperez42,0
dracu23,0
Luisma0526,0
zugeilySoto,0
CanReull,0
Arnoia999,0
emtrizal61,0
MxRelevante,0
pachy267,0
Prisca84935656,0
CorralSampedro,0
CarmenRevista,0
frealengo1,0
VMartinezManuel,0
frankmaroc26,0
Vinculacion_SNT,0
Toni_Aguilar440,0
Meroliva,0
jomavigo67,0
fizuleo356,0
AdrianaSwis,0
curicornio70,0
ToniAlba0,0
soniaymel5050,0
nomemanden,0
danielcarranza,0
bmarassa,0
Bambino096,0
conexionnl1,0
EnYuncosPodemos,0
YoVotoAPabloIg1,0
falcaraz67,0
sruedapascual,0
Maribelvoladora,0
Mahelvamp,0
Jo_Bulani_2010,0
DCoeinf,0
YVacantes,0
carmenferenf,0
DanyAlo64163258,0
Juanfraav,0
felo_melo,0
JDMagno,0
ElMarqus7,0
VBalear,0
LorenaDarkfate,0
merlufer,0
JoseAlc57942473,0
REALFANCLUBDVOX,0
Albertoayala77,0
DavidVidueiro,0
Alberto71038477,0
MontonChico,0
rodrigoflosi,0
mayt362,0
Cateusca1,0
nachazo,0
quiniel72,0
finanzaspartods,0
PaquitodeVox,0
despinoUY,0
VOXFANCLUBOFI,0
programadorOP,0
MumisMero,0
Edisonebog,0
DAVIDMR70,0
ConchiMartnez14,0
gonzalocogonza2,0
juancar11631737,0
FR_Guajardo,0
AitorIErana,0
Maipa8,0
saul_1973,0
MaTeresaTrevino,0
mathusalen2020,0
voces73405127,0
pilarin007,0
Mark57734329,0
pepepousa,0
culiviche,0
LordNario,0
rtvenoticias,0
guillerubio_,0
BLACK_GRAS,0
mariace44047252,0
xockes,0
FCird,0
Antonio35262502,0
Beatriz28144321,0
eav_rafael,0
DnaUrsula,0
Victori99623777,0
sarahibagar,0
sfprieto,0
LosCazaVacantes,0
dndnd15156,0
Amartinezgrane1,0
TransparenciaTx,0
MaikpiP,0
Jo_Herrero,0
CruzPicazo2,0
estoyharto1,0
MMercedel,0
roucoferreria,0
MedBlanch,0
olafmar,0
salaseco,0
agusgfigueras,0
ElensGuitart,0
RHerap,0
MaxKirschberg,0
Liberty0963,0
kusus17,0
hugomarrod,0
RocoVillar1,0
NavajaMariposa,0
scottyserra,0
BarajitasAna,0
laisla62,0
Piera2050,0
BrigChurruca,0
ildalatam,0
Pisapraos0,0
drcerezuela1,0
redacademicaGA,0
EEvadidac,0
jcespi2005,0
alabordag1,0
EnVanguardia202,0
xosico,0
IcarVox,0
Victorazulon,0
DeMalagaBen,0
Carol06558135,0
azorka13dragon,0
Pilinamas,0
Maria59043110,0
RamonCP67,0
aeogab19,0
Carmela81205927,0
ElBarondemex,0
GobAbiertoCol,0
jurassic_2002es,0
NCReRod,0
mjavilaa,0
kenaydrago,0
GrouchoMarcos,0
carla65962203,0
joel_2001_cdz,0
Max_eviar,0
giulyglez1,0
kikorron9,0
RafaelHerranz55,0
ATCoco2017,0
maritoovelar,0
Alfonso70722035,0
CarrilVirgilio,0
pvmatud,0
curreitor,0
Ana38164771,0
roccoespana,0
Siguien62124986,0
milciadespagli1,0
ParlamentoPy,0
SilviaF36420226,0
margem21,0
IreneRivas7,0
aneshalieli,0
VOXpESPANA,0
LuisRod88929430,0
Ibestat,0
lordpady,0
canuterio96,0
Guzmansuli1,0
miguelcsz,0
Mar56925884,0
marcelezcano91,0
barandaand2,0
inmoaverycom,0
Pocolopez2,0
Cristin81378186,0
ClerkKant1,0
pichi74sp,0
JuanFru68897599,0
rehaltv,0
taliban2214,0
Vadodecaza1,0
juanmiguelvigil,0
PCdc22,0
jalifante,0
waltelpol,0
indomitatorRS2,0
Juanmjh1,0
vejinor,0
SaulTrend,0
angelheras64,0
CarlosJ65007537,0
thommyspain,0
dani_betico4,0
Carlos92342,0
AtienzaOp,0
YYexux,0
jalocu1960,0
Antonio72112202,0
Luka63,0
Mazcua,0
Noche1605,0
no_pointofview,0
RupertitaR,0
BMoyaGomzalez,0
lulica79566257,0
CarmenQ76015649,0
sofiyou56,0
vencejor,0
BVellisco1,0
anfervi,0
Montesforever,0
Dannyelsan1613,0
ferfercarpediem,0
Federivas2013,0
loc_coco,0
kuki_patri,0
rafamaroto17,0
Candy_Chasirasi,0
mailidi,0
BuenoConservate,0
reme1364,0
CarmenR66023383,0
mgicafe,0
PedroMi318i,0
dididodo_c2,0
marlepy,0
amoyafoss,0
FerchoJFAL,0
ManilkaraZ,0
notasausencia,0
Bere_mu_Za,0
valelelele_,0
ApisSureste,0
VotoLGBTQ,0
SilviaCJ1,0
JAVIERP54530597,0
jcmacr73,0
societyhumanit1,0
DanielGalli22,0
santimgarrido,0
PedroMontalvanC,0
monicmar68,0
fernando2654,0
Radio_Web_MACBA,0
SeirenFilms,0
KAROLURIBEVELEZ,0
humbertoalazar,0
estherdelcampus,0
apoloniogomez,0
klizgoat,0
0xStoicZen,0
mariajoaofer,0
D_Villalonga,0
madlonz4,0
DelQuerol,0
AlberGarciaSan,0
alejandros923,0
davidparracardo,0
zeux252000,0
WilleamAlberto,0
twintesis,0
rubenpardinhas,0
laaab_es,0
RemeRuedaLopez,0
ceposunaecija,0
arelibiciteka,0
norina67,0
TienenMiVoto24,0
ceplora,0
CotrinoJA,0
ceplebrija,0
AdanPinnero,0
raulolivan,0
TitaLupo,0
ChimalistacC,0
Laperla87022871,0
alexfernandez,0
pablomarmisol,0
miltoncarlosw,0
Adrian_Gcia,0
LXALinuxAdictos,0
Ibercivis,0
JAcKFiDo,0
CJOlivan,0
DaliaAngelesGS1,0
miriamdm1956,0
luisguevara02,0
_Korlat,0
JavierCane,0
RootstockersBTC,0
JuanaGarcaRamr5,0
Klamm74,0
frako23,0
mamenps57,0
Ksport29,0
jordacal,0
soyelisarios,0
Kikisxx1,0
Swap_B1,0
vaacpy,0
aleco_rodri,0
CarlosCorri11,0
fportantier,0
jonico22,0
andyromerodev,0
CorinaPin2,0
TheBardockGames,0
tevoyretuitear,0
TheArtOfTomas,0
manuelernestog,1
Supermecha,0
IntentaConLuis,0
Luisgmco,0
amadorkevin1,0
Chesman86628445,0
realvjy,0
albiportillo77,0
Namastemmr,0
PosadaVilda,0
ander_16clmb,0
chuckcortazar,0
ManuVegaDT,0
mpererag,0
teresaArencibi1,0
Esteban_Dagnino,0
Maxi24010,0
cryptobecker,0
acusdeep,0
FundacionCETMAR,0
Carloschavo2,0
VReyesOficial,0
SrAnonimous_666,0
csanrafael_alc,0
jardindelno,0
EthnolETH,0
Esqueda_LopezCh,0
D10883441,0
zzkrecords,0
algoya_dat,0
MyLoc_Tracker,0
MauRazoC,0
angelisnardi,0
mvargasg86,0
Glacialbear_,0
JaviHdzzzz,0
Psegovia9976,0
pjorquera,0
CIEUATx,0
Amcarben,0
PaulUrbina666,0
bosmend_,0
ErickAguilera96,0
yutinico,0
yonsonn,0
old_isra1,0
FrenteCumbiero,0
FrancoCallero4,0
Egilona,0
kristiamchavez,0
PosibleEs,0
Rexacz,0
canteiro78,0
ReketePatri81,0
guerra_idy,0
anitamober,0
adgardi,0
lennardscript,0
chuckyjuy,0
DabiddoKun,0
neftacamarcoper,0
Omedina311,0
fer260595,0
ioged55,0
manologc_salsa,0
edicionweb,0
lrioscoutino,0
Chikit1n,0
soyzuztech,0
miller1817,0
Swingolftrading,0
pato_colombiano,0
Ricky_Hdz_Berry,0
JosueFerr1995,0
HeroNeos13,0
Luisjos82715617,0
angelitoqr,0
hectorgpergo,0
LourdesMZaragoz,0
Paco48037707,0
erubio1975,0
VecinoAlertacom,0
Timer444,0
leandro_mediza,0
fsaludmentalclm,0
Ing_Alfonsina,0
ingcuellarc,0
ccteixonera,0
AytoYecla,0
zoraidaisla,0
diegojimenez_14,0
ilanzagorta,0
nerddevboy13,0
levent401974,0
HypomoneHn,0
lauretum2005,0
Raul53111922,0
SoftDt,0
cusi_claudio,0
ReHDi_Co,0
radu_tepes,0
Kike_Duart,0
FlutterArg,0
bgbrayangomez,0
Shapeshift_es,0
leonardoduqueti,0
VicktorManuel,0
myosinttrainer,0
MichaelDesing01,0
Esecuervo1,0
DiegoOrtegaCh,0
EmiliaCarp,0
XiscoinSsS,0
YsolinaLandaeta,0
brokenAJ1,0
JuanRojo1911,0
mikael_andres,0
joseparedes79,0
Jorge197109,0
dominvva,0
carmenlaratc,0
Arnulfotos,0
npmyoan,0
pepeslow27,0
DemocracyEasy,0
1_ernestus,0
Cryptoprofes_,0
RenzoSoriano3,0
alejolimamolina,0
rraczo,0
AlmeriaCRECE,0
RodrigoJacuind2,0
imoteb028,0
ChoiUWUl,0
Carlos43861376,0
xinobertho,0
Pedro51846527,0
AnoFeed,0
albertccs1976,0
Carlos50637269,0
WelwannSus,0
D__gamez,0
caliopina1,0
Andyroflo,0
micchiardi_04,0
FreeWesternMan,0
enriquebrotons,0
elsantuarioo,0
jdelrio810,0
JSanmartn,0
DankellBazan,0
sinNombredoxing,0
luismendezgd,0
VicoDevs,0
zbsuarez,0
Iagonovic,0
forwardingIP,0
DJFacha3D,0
jcellomarcano,0
CarlosRanghul,0
MaxMatusR,0
CristinaDomRov,0
Maximio79,0
AdaQuijada3,0
jormungandr_Bit,0
Jpanam1,0
Daap_joc,0
anfraca,0
Chupy35,0
Cruiz34320187,0
golla57720930,0
carlosg09137168,0
Steffy_Valencia,0
codeshard,0
gvamericalatina,0
ChamanTrueno,0
dustfruit,0
RxManuel,0
BtcAndres,0
asofiamon,0
JuanPabloskyy,0
Lexaleth,0
aandaradev,0
Caesaripse_ES,0
darapepe,0
EnojadaTipita,0
MARAINESYOUNG,0
DiegoCeballosLo,0
Rebeyurima,0
Throverr,0
raslaef,0
PathrosYHafid,0
Adrian_Towy,0
krudox,0
CEP_Orcera,0
RaiolaNetworks,0
OmegaTOfficial,0
brandelune,0
JLBuenoMendez,0
RabbyHo24971091,0
jmcarias,0
am_rivillaniu,0
rserlew,0
dismad8,0
OlgerEras,0
EMFG1215,0
blizzrds,0
BitachonHashBTC,0
CryptosDawn,0
BubblegumLtng,0
C26NavasMariluz,0
contreras_vejar,0
emiliobueso,0
Eduardo00767834,0
LEONFAO,0
Area51_EC,0
looneytunes03,0
SergioMonraz,0
EnciendeApaga,0
Dandastur,0
lexv3,0
VillenMillenion,0
Manoceva,0
yemilecrojas,0
RebeelBit,0
BiblioEpiscopal,0
YulyFlores15,0
asammajadahonda,0
AlejandroSig,0
yonnyMujica2,0
carloslvl,0
StyleCoro,0
ENIIT_,0
cexxiliavergara,0
Rafael71323328,0
marlyromebc,0
velizmari534,0
Vernica35676693,0
BerroaPablo,0
pavivina,0
Jesus82830043,0
Willy57799058,0
MaraJogon,0
Holsteinson,0
GreciaQuirpa,0
mendez_wiki,0
cas21bqto,0
panagreen,0
antoniohoya123,0
ChaconEliangel,0
JovenDLaPatria,0
RuthSua25829059,0
rivilla131,0
Francis41513132,0
ThisisDuna,0
AcostaJesus22,0
dani199208,0
joseher24827888,0
TeresoGustavo,0
LeonardoGuanip5,0
andy000011122,0
Cuello51797248,0
karolin02737985,0
GilbertoAlborn8,0
JesusHi12761710,0
Ibramadriz,0
Alejand16372066,0
Adalber601,0
JorgeOberto6,0
Alejand68914313,0
moralesluisa784,0
JoseVer55396815,0
lanchero_r,0
Frikiti5,0
AlexisR1502,0
johngar58681295,0
LManeiroORA,0
Maribel20285858,0
francysmar28,0
JoseMon03970263,0
GersonV91346828,0
CarolGo42610365,0
OneisiSanchez,0
Alviarez123,0
NoelMar30339021,0
miliciaestudia1,0
anachir74887981,0
nurcamaruehere1,0
Edi_fernandez03,0
LuisFer77078231,0
EdgarNegron19,0
Nachoitn,0
tropa_uneti17,0
frany19961,0
jorgesu98415080,0
rivillasarai,0
moresvyrodrig,0
KeivisYamarte,0
Yhalexis4,0
felicia18640359,0
Tutmosis16,0
olgakkes,0
EliasNieva,0
lomircarolina,0
Andres_RISCV,0
linare369,0
jackjhc84,0
Neonox77,0
DarioZalazar16,0
Gusbacri,0
carlostomasini,0
lautaroX86,0
PythonArgentina,0
AdamesVillamil,0
Miguel84131267,0
HectorMayaI,0
matuvarela,0
SmartVpn_EE_ADS,0
David_Q_R,0
platoniq,0
decidim_org,0
nil_hb95,0
majoscowx2,0
cdparra,0
FerchoMaidana,0
FFiorioPizurno,0
SilviaMorimoto,0
jechevers,0
salhaj,0
fuensanta_1,0
MiriamRojasP,0
RecluITmx,0
Escoleira,0
Kaka_Laux,0
douglasomaia,0
popkorman,0
Rariesariana,0
laelleafar,0
leonascimento07,0
dannyelSa,0
alisonsilva_,0
claudiocanuto,0
tsnormando,0
redi_roger,0
OPalindromista,0
a1000tonLima,0
jpcuenca,0
FelipeA74314880,0
desaninhador,0
alissonmasoares,0
icarovsky,0
icarosolaire,0
acao32,0
RenataMourao,0
ElyeserSzturm,0
ShaozengZ,0
luxfl_,0
pablobrodrigues,0
stef_stett,0
ManicmioPoetic1,0
hockey_roll,0
darlissou,0
LabcamA,0
mllrviv,0
Luisgeoaktion,0
zecavilardaga,0
prtalves,0
lavieenrose7594,0
realidademagica,0
manda_Lelis,0
burguesdobem,0
Umacoisaacesa,0
oarthurmartins,0
FelipeSopi,0
bonzaniniric,0
RafaelJMarques1,0
thuraraujo,0
macambiragyn,0
djalepeixoto,0
Patrici86981822,0
luistfd,0
zanardx,0
thiagotxai,0
sergiopedro,0
totoviscky,0
edbarrosadv,0
klynamen,0
Saodionisio,0
mabatalha,0
elioncampos,0
ShanaEmanuelle,0
Lucicecilia,0
joelsonramosj,0
GilbertoHochman,0
CaldasFagundes,0
figueiredo_f3,0
vampiroteuta,0
JairDesventura,0
LeoTNAlmeida,0
jorgescolaa,0
rodrigo_turin,0
territoriosteam,0
diana_nerd,0
Technolatinas,0
loreniuxmr,0
dfloresdev,0
yramyc,0
JorgeRo66412739,0
eloisa_gc,0
JoyceXious,0
DenisseConDosS,0
helenismo,0
ucandrea,0
Cataxis2,0
temachtianiMx,0
supeergabs,0
Ritalin_P,0
Gelitos_Ramirez,0
LeiiRaawr,0
Beiriker,0
masmujeresux_mx,0
_mesurashii,0
Randisima_,0
marianaSalas,0
luiseduardohd,0
NancyLabana,0
MichDiaz_,0
wonderteki,0
glrodasz,0
WendolinRodrig8,0
agnamihira,0
keymetu,0
Mary__Balino,0
MelsPadawan,0
LatinasenSEO,0
Jacquelinecisp,0
_maggiesam,0
ejrv_,0
imgildev,0
MilunaIsK,0
Bandgel,0
CCDmx,0
Jesik_Tapia,0
Gonfer1969,0
consultinamx,0
_aleepsy,0
ivonnealdana_gt,0
Montero,0
gigitb_,0
chouzaraul,0
Cypher2140,0
mauri_codes,0
hijasdeinternet,0
VRS_Trainer,0
rosana_rivera,0
RemediosFdez,0
EvaNavarroLopez,0
MomandGeekcom,0
Rsanchez2,0
konzuelito,0
JulioMCruz,0
jesscobedo9,0
seraph_zaho,0
LilithIchigo,0
EmelynRobot,0
yd66921,0
_EmmaBot,0
_EllaBot,0
OtroMas98866674,0
rparadam,0
leslysandra,0
Amaranta_Vc,0
NFTDEFILAND,0
chinafinanciera,0
CandyFG,0
sofikat,0
Julio_Paz01,0
luzy3699,0
hannaoktaba,0
saiphcita,0
taniasosaux,0
benjibel,0
greendersoul,0
kitvissuet,0
NavegaSegura,0
maleja111,0
simpat_tech,0
abrlpumpr,0
ChioAA3,0
dianolasa,0
amapola420,0
Letyludigital,0
ahappydesigner,0
juliescriptdev,0
fiavera_,0
Mr_AYVV,0
BetQueeR,0
Eliza_Rain,0
yslenglez,0
danna_kiedis,0
osoteitum,0
pacm01ar,0
happygu82717539,0
VikyAle,0
Fr_Poposhi,0
MichaCoven,0
Elenhada,0
marcrypted,0
saracuadradohdz,0
33Monse23,0
fatissssc,0
dummy_mx,0
SoyReginaOrozco,0
LorenA_EP_,0
NancyNSalazar,0
Arce_Requena,0
emmiARivero,0
BereHeCz,0
jailandrade,0
giornalemx,0
alexandrio,0
Beelzenef_,0
jafetoide,0
cucharitalarga,0
hiperderecho,0
angepacheco,0
StereoFoonk,0
MonLopez_,0
iikarla,0
locleticialopez,0
alexmayoralb,0
AjpuMonica,0
mostracolor,0
Blu3latam,0
KarlaRevilla_4,0
viaenix,0
ik2309,0
roheri1512,0
karina_ldg,0
zoelynneh,0
mari_cryp,0
AmintoreOficial,0
Belenn_Rmz,0
AngelitaLozano,0
ana_loyo,0
bertyCariloha,0
Padmepy,0
BAY_GARI,0
rbcordova,0
rickardomeza,0
mizrmx,0
MabelHdezM,0
itsmekatia_28,0
otsenresiul,0
BMMayorga,0
itzeldelaluna,0
PauloDibuja,0
EmilioLozanoJ,0
Annacartoonist,0
FatPandora,0
zallyhg,0
DarmaLopezEspej,0
mosvaladris,0
chelina20,0
pionerasdev,0
DaleCaro,0
PablaBertol,0
RodriguezMarlos,0
dianabrux,0
Albert07208652,0
EvaPasillas,0
CD02_Coah,0
Emilio_zeravla,0
RodriguezlCarla,0
ReclurhDeRosa,0
DZMedina,0
ADjaniTP,0
Ricardo57367558,0
galiara01,0
estrella_med,0
ferchoec_,0
JimenaHdez8,0
MarceStarlet,0
larecluIT,0
EcraSib,0
MaryposaAlt,0
QuantumDeApolo,0
Coyote_Cosmica,0
franziaconz,0
RineTange,0
ramosnadia,0
p_zuelen,0
kariimex,0
romperlaregla,0
LaVeroDarks,0
CValdiviezoB,0
Miss_Carrrusel,0
CodeGirlDev,0
UnaTalMariaE,0
Yuri_Cast,0
vianoisse,0
aLicer0zen,0
nancynar122,0
Lilyzval,0
gabylalysyang,0
RBMonTc,0
JaraAlexMena13,0
AtlixcoClaudia,0
SalomnLobo1,0
eugeniatweetyou,0
Eri_nomas,0
annapaolamr,0
sagmmd,0
Uriel_Hedz,0
BichotaMotomami,0
prinlb,0
MrMtroSirMichi,0
VioletaDmnguz,0
laloestralop,0
Glow11,0
zuum_zaam,0
TerrorRestMX,0
fannypec,0
frasalazar,0
ccontrerasg,0
sosirdz,0
abinhds,0
teferefe21,0
BreenDiamond,0
kheronstairsss,0
GabrielSanMx,0
LuzPlata,0
GeekReclu,0
carolgrmx,0
Petrovskhy,0
AlesiAkira,0
cmdba,0
dann_fest,0
April_B07,0
dianalaura__,0
Ari25mx,0
jessolely,0
gabycruz12,0
ErikaRi17,0
michrmpmm,0
LauArguello,0
brendapuntoexe,0
almadormida11,0
Contabilidarks,0
AmigaGomita,0
Alixiana,0
Lety_JimenezCC,0
RV221_,0
PaoCherry94,0
ma_luisam,0
nxniss14,0
soldealba,0
anahirdgz,0
danielapeanuts,0
reclufabs,0
Fer_SanRey,0
angejackeferrer,0
la_morenite,0
yomeratescribo,0
Misschingadras,0
LaDolceCerise,0
aalisot,0
SergioLoyolaB,0
Misahh999,0
matzestrada,0
rovaque,0
Rosylauris,0
GirlsinTechES,0
soyunpinkipie,0
amparosofia,0
Ahgasefiore,0
AkashaDeBathory,0
grillitou,0
mariela_pop,0
CeciOrt60346518,0
SraPolvoCosmico,0
nadymich,0
MiguelSieck,0
DrJorgeBlack,0
mariacsegovia,0
CientificasPUCE,0
Isabel_pinkbear,0
espiritusanto,0
GeochicasOSM,0
AmyCGC,0
Rivero_MPilar,0
Jordan_Chaos,0
AdriCantarell,0
criptopozol,0
GeoBrujas,0
la_geofeminista,0
Jerome_arq,0
mapeoabierto_la,0
paula_g,0
silviarremolina,0
Toni_Domenech_G,0
kanarinka,0
Lisbettt,0
invasor_es,0
OSGeo,0
rusty_maps,0
merymoisa,0
lubrio,0
reumacia,0
sibcolombia,0
PabloOliveraDaS,0
NELLYCANNIZZARO,0
IntellRobotLabs,0
elapdis,1
SergioMartinGu3,0
CDCHUCV,0
revstul,1
dronesdeguerra,0
Mancomun_gal,0
CaveCoder,1
cytdanmarys,1
labnuevoleon,0
GoblabUAI,0
ONUMujeresArg,0
msdevlatam,0
contrataenlinea,0
socialtic,0
explorarmso,0
genbeta,0
FlisolCABA,0
DerechodelaRed,1
KabilaAppES,0
cencorpr,0
AtractorSvf,0
oncti_mppct,0
CaliVisible,0
UCAOrthopedics,0
Ubuntu8Touch,0
cartodynamics1,0
PalabrayHombre,0
pablofnett,0
RadioEducacion,0
RHisto_Mex,0
CentraNewsGT,0
FiqusCoop,0
DadunUnav,0
LibroAbierto_BE,1
OpenSourceRD,1
mtenaespinoza,0
estudiosdgenero,0
openmapchile,0
VzlaInfo1,0
jalonsoarevalo,0
INAImexico,0
facsouchile,0
PARTICIPAstur,0
RevTecnologia,0
netlearning20,0
RaptoreumES,0
javimamendez,0
cafe_con_linux,0
BibliotecaUA,0
SESNAOficial,0
xatakandroid,0
jerrick_hack90,0
ConchaAndreu,0
ISNWCN,0
PublicacionesUH,0
EmileMauss,0
CryptoSpaceWeb,0
AdrianAlcala75,0
jmcapitanich,0
senacytgt,0
revistafiguras,1
GlobalITMedia,0
FGRMexico,0
GiselGuzmnE,0
IGeografiaUNAM,0
SkYalol,0
lasr21,0
centromxdigital,0
alfonso76657962,0
INEMexico,0
SinCadenasECU,0
Yar33L,0
covidvizpe,0
VTorresLista,0
HubUIO,0
KCDColombia,0
metadocencia,0
siuxco,0
GitHubCommunity,0
negritoenbaile,0
carlestenorio,1
SGCSUCA,0
rmedranollamas,0
anachangt,0
cryptoLordetz,0
fonacit_ve,0
SomosAGROSAVIA,0
Cholega,0
DesobedienteTec,0
SAmalucan,0
BayesDelSur,0
DrGiovanniD,0
JblancoB,0
CensaludUES,0
INE_Oaxaca,0
RevistaEstoa,0
ch1nux,0
RedeSciELO,0
hernandojpena,0
estoescambio,0
feijoojimenez,0
pab_sharingaway,0
oahernandezg,0
campusvirtualsp,0
drivemeca,1
Drosio,0
NetworkPlethora,0
Asedie_,0
SomosMovilnet_,0
biblio_uca,0
_regic,0
pablomoratinos,0
DGarcia_AR,0
SIMETRICA140,0
DteReg13,0
forbesargentina,0
UCAM_esports,0
AlifaDamian,0
EduardoSuarez25,0
t1t0wap0,0
unnombrealazar,0
chpiensa,0
redhatla,1
spain_tech_blog,0
universitasrev,0
manuvene2021,0
EditorialUEB,0
MaricarmenNava,0
rleon_mx,0
datalat,0
softzone,0
aigesinnovacion,0
nati_aquilino,0
BukowskyDrunk,0
VargasCubillo,0
OCA_UAEM,0
Mond131313,0
scabrerahanna,0
UdeGuanajuato,0
systemguards,0
proniedperu,0
eosenlatino,0
GobCiudadSalta,0
JProgramadores,0
DeysiFonsecaJ,0
eonia_ar,0
anidoriv,0
freecodecampES,0
metodologica_cl,0
ucscconcepcion,0
WPSantander,0
carlotagalvan,0
Leandro84D,0
lapanquecita,0
alelealv,0
isacolina333,0
CENDITEL,0
Andromedacomp,0
itobisono,0
CEAScdmx,0
opensciencelabs,0
AfrikaWinslet,0
ExploraTarapaca,0
CanelonE2,0
duquepeluzzo,0
virbrussa,0
MartaJSaavedra,0
LabInnMzales,0
ForoCILAC,0
Puerto_APPB,0
GaitanVillegas,0
relaffitte,0
danielpcostas,0
FIC_UDC,0
alberduris,0
OlavAbierta,0
redmatriz,0
adatasur,0
ciberconsejo,0
COLTLAX,0
eulacfoundation,0
ivonnelujano,0
MermeladaTech,0
GeoinquietosMad,0
abamobile_sp,0
ELTIEMPO,0
LQSomos,0
ThinkiaLab,0
espaciocivico,0
humbertovill68,0
borisosman,0
vanguardiacom,0
LavezzariFausto,0
cmagistratura,0
CIJ_Adicciones,0
DIGEIGRD,0
EstebanAlberico,0
charliesbot,0
hacklib,0
ONUMujeres,0
imagine_2create,0
Python_cursos,0
Conacyt_MX,0
gva_IVAM,0
ITEIJal,0
proteo5,0
Redalyc,0
luisroliva_,0
mujerequivocada,0
mtropedro,0
RevDesafios,0
elblogdezabbix,0
GiasGrupo,0
tfpatino,0
DEC_INV_ESPOL,0
RedCLARA,0
EditorialFCSH,0
kbatthyany,0
IIBI_UNAM_MX,0
rafadelcastillo,0
apolmig,0
agriculturaGro,0
transparenciaco,0
aanthieni,0
gcooplibre,0
LibreLabUCM,0
CDDesarrollo,0
Secron_cyber,0
Ucen_RCoquimbo,0
facialix,0
Emilio_Morles,0
CEIColmex,0
BacapNoticias,0
ECGobAbierto,0
jcgodoy9,0
SygelTechnology,0
raupulus,0
SOMM_alliance,0
TeraFlowSDN,0
jessefilho,0
elDFeminista,0
PMovimiento,0
PolkadotArgenta,0
iesip_uni,0
est_compartidas,0
osanseviero,0
PedagoSUA,0
mau_pda,0
CinetecaMexico,0
OpenTrainingGT,0
elcolmex,0
Yar19Ni,0
ind_animacion,0
alarcon7a,1
Red_HD,0
G_H_Pendragon,0
CompuSoluciones,0
InnovacionAR,0
NataCediel,0
Fransamani,0
ComputadoraJc,0
biglinux,0
OACerebro,0
universihoy,0
RHablamos,1
Yar13MS,0
EscuelaOEA,0
tomateunteyfue,0
Hector_Pulido_,0
renzotaddei,0
paterfabian,0
GardenaEus,0
Emvarias,0
OpenSourceMANO,0
FundabitAragua,0
NicolasMaduro,0
SEP_mx,0
Mippcivzla,0
LizyAcosta4,0
ChuyLianet,0
noticiasdigi,0
agrariasunr,0
abc_cordoba,0
ciencia_ar,0
AlejoOlaya,0
GobiernoUAI,0
TEC_ar,0
Museociencia,0
pdasilve,0
udeconcepcion,0
elmachete_mx,0
COMECSO,0
IYaracuy,0
IPMontevideo,0
PresidencialVen,0
RevistaCTS,0
ces_ec,0
Juan_Larrosa1,0
DIL_SPAIN,0
conectorial,0
damianzepeda,0
MPPPlanifica,0
bmartinsanz,0
FONDAP_ACCDiS,0
IVIC_oficial,0
cibertecaria,0
fundacioninzit,0
WillyDuran65,0
jhm_ciencia,0
Vridei_usach,0
infocentro_Ara,0
granadahoy,0
efpolcuch,0
BURSofia,0
BiblioEIIUVa,0
dict_uh,0
ISGLOBALorg,0
VRIPUFRO,0
SI_Sizart,0
ReieSmme,0
ivntres,0
smart_mountains,0
parexploranorte,0
bibliotecaUHU,0
brigitnr,0
Biblioteca_IDEA,0
sanrroc,0
ForoQyS,0
Unebook,0
BUCantabria,0
EY_Venezuela,0
leabdiaz,0
pascal,0
InvestigaCMM,0
SurCiencia,0
davidalqabri,0
joseluisloriera,0
EY_Uruguay,0
HorizonteEuropa,0
TeknikerOficial,0
ralbaruiz,0
PilaRicoCastro,1
Ak_Satellite,0
bibliotecaUGR,0
BU_Poitiers,0
gajodeluz,0
mig_artola,0
CRUST_IEOCD,0
HipatiaPress,0
revista_medicas,0
BiotecnologiaF,0
sursiendo,0
JTorregrosa1992,0
Roser_uf,0
andresllorente,0
ikurotime,0
ChuckleScience,0
GonzoRodx,0
alvaro_chirou,1
carlosazaustre,0
isopixel,0
jasonDarkson,0
napoperez1998,0
Albercoin,0
DuarteLautaro,0
chalsarboleya,0
danieloso,0
capitan_raul,0
LignuxSocial,0
CarloSeisdedos,0
Karisma,0
TecnoIA1,0
javilop,0
SoyDanielGuerra,0
RealsimRacer_RR,0
Raspberry_Pi_2,0
patxangas,0
DotCSV,1
softapps,0
pinedax_dev,0
bourbonni,0
LluisPalerm,0
hardfanaticos,0
milmadrid_,0
ILAF_OGC,0
0GiS0,0
CERTpy,0
ArtuGrande,0
robermape,0
dmowl_,0
NinoScript,0
janarhertz,0
NachitoEth,0
xoxefdp,0
Dieguit04,0
amudef,0
anajsana95,0
zalcu_,0
ReVoltaire62,0
CatedraCicas,0
albguiar,0
PioIin,0
BIEspana,0
OWASP_Sevilla,0
RulPar,0
PCWorldMexico,0
JavaDominicano,0
MultiStoreTheme,0
eudriscabrera,0
mitnickhack24,0
SuGE3K,0
berlingonzalezs,0
EllaQuimica,0
jaumepons,0
alquimetricos,0
DotTechES,0
facturascripts,0
Nectux,0
SextoAnillo,0
ABCDeportes,0
J_LopezGallardo,0
ASerranoSora,0
bibliotecaubu,0
serbudc,0
ReligionSEMIR,0
RolangaPy,0
LaNacionPy,0
npyoficial,0
SpainEdOfficeCa,0
cla_cor,0
EsbrinaRecerca,0
alegre_aya,0
zerrweck,0
Angel_Rivera_N,0
Ed_Octaedro,1
bvsspa,0
IsabelPereirana,0
Spiousas,0
CardioAPFerrol,0
kohantoys,1
NachoPerotti,0
mrebollo,0
AliciaFrancoXVE,0
JRBerrendero,0
ComisionEuropea,0
ILinguistica,0
historiador,0
gtibana,0
RMigraciones,0
urbe_udec,0
IAI_Bibliothek,0
armayones,0
Alanepe1,0
EditorialCSIC,0
cuaieedunam,0
UexBiblioteca,0
PetroglifosRev,0
unaipasku,0
GoetheInstBsAs,0
LexRevista,0
RepositorioPUCP,0
ArtistPosada,0
JCabezasGlez,0
MxTransmedial,0
PsyWritings,0
casadevelazquez,0
iepeditorial,0
REEDigestivas_,0
Bibtntcsic,0
ProyectoEceme,0
erimbau,0
argeturv,0
SMNE_Oficial,0
IndexComu,0
LopezMenacho,0
SEdHC1,0
UOCesalut,0
KarBanderas,0
LauraTagina,0
RevistaEndoMex,0
CfeRidaa,0
aeehj,0
txtdgtl,0
juansarasua,0
si_npg,0
PMedhis,0
jmlucero,0
LogFil_ucm,0
DIIEA_UAEMex,0
AlejandroMinio,0
ProspectivaCL,0
Tras_los_Muros,0
Comparlante,0
Janekeithduran,0
GlobalFundWomen,0
fagomsan,0
ATTBolivia,0
adcderechos,0
NotiPlay_,0
PamplonaPSN,0
DonHiramMD,0
augc_juridico,0
MXvsCORRUPCION,0
RenataGom,0
Edgar___es,0
vinculasociedad,0
MorochxColochx,0
jseguradelpozo,0
YusebYong,0
dncp_py,0
MIC_RD,0
vikingog,0
Cegaip,0
JulietDelrio,0
ChCarreraLeal,0
TPresupuestaria,0
Jesussguerrero,0
Accountable2019,0
AzuaraAraceli,0
IDAIP_DURANGO,0
VERIVAI,0
manuelhborbolla,0
INE_Paraguay,0
Melissa_Bely,0
AlvaroGmolinero,0
cvctic_es,0
FridaMendoza_,0
jagaraviles,0
MigueGaspar,0
GobDigitalCL,0
USEmbPAN,0
seepidemiologia,0
ANGELJUTO,0
mitmagob,0
FelipeLeonLopez,0
Cryptoprofe_,0
IMAIP_oficial,0
CaliContrata,0
ysuca91siete,0
TAgrarios,0
carlosjestrada,0
ProlocalAC,0
RBlancoMFyC,0
ItaipChiapas,0
enfasisnoticias,0
PROFEDET,0
BitgetSP,0
licperez01,0
TresCantosPlus,0
JimeneznJuan,0
CarlosReusser,0
ffelgueroso,0
UIPCNP,0
josetristan,0
IEEM_MX,0
rigocarvallo,0
voz_imparcial,0
LuisVitalicio,0
DanielFelipeEV,0
AytoCancun,0
piopas,0
marcelodrago,0
iecm,0
ICHITAIPOficial,0
EdCarLop,0
AncapUruguay,0
iqitgob,0
ContraloresMX,0
rralvarez_14,0
aragonradio,0
diasasaigonados,0
ENACOMArgentina,0
WonderWomanPSR,0
elheraldoco,0
borjaiturregui,0
AragonAbierto,0
innotransfer,0
MujeresEnII,0
ElAuditorinfo,0
fernandoga60,0
gloriagarzaiba,0
rafaelg_fisica,0
verajuarezf,0
lordmolecula,0
sylbeltrones,0
contraloriason,0
IMinteligente,0
vanev87,0
JoseMan99592313,0
Consult28548435,0
INFONLMX,0
civilabsocial,0
radio5_rne,0
airinpopcorn,0
transparencia,0
r101ck,0
ITAIPUE,0
desdewingu,0
060gobes,0
juanibelbis,0
ElenaBuylla,0
HazRuidoYuc,0
europapress,0
UPE_Ezeiza,0
MEC_Uruguay,0
RevistaCDyT,0
UAM_FM,0
hipermedula,0
estudiantes_EDC,0
FranciscoIgea,0
asdrubalivan,0
insatwetrust,0
portalarduino,0
bitcoinofficesv,0
Jedi_Sanfermin,0
traficantes2010,0
sasnoa,0
cepcastilleja,0
EduardoLS_TX,0
jmpsosa79,0
ubuntuco,0
fabiancripto,0
muylinux,0
irc_cdmx,0
CodelyTV,0
carlesenric,0
CoingraphNewsES,0
red_parlamenta,0
Seviramar,0
emeneame,0
midudev,1
Revista_ByteTI,0
pabloskirivas,0
meneame_net,0
OBUATx,0
soybarbz,0
proyectosbeta,0
CuCoders_,0
Rabanales21,0
securetia,0
IEOVigo,0
recursiaonline,0
eltruenopy,0
benja7zxa,0
consaludmental,0
criptolawyer,0
Rocktails,0
ComputerworldES,0
Davidg536598932,0
CepLinares,0
RafaSanchezLz,0
ArsGames,0
FestejosYecla,0
HABITANT_ES,0
rafaelgrobinson,0
cepalmeria,0
FabLabLeon,0
jacobonajera,0
Podemos_CANT,0
KAstudilloB,0
fedesarquis,0
zcashesp,0
DiegoHolzberg,0
facchinjose,0
usitility_es,0
aiglesiasfraga,0
EspanolPrimexbt,0
MalenaGarciaT,0
geografiard,0
Salageri,0
udemy_es,0
CascadasUn,0
FLACMA_,0
eco_onis,0
twitaamr,0
flamencastone,0
moon33_blue,0
ABIE_asociacion,0
campusbigdata,0
mixxio@mas.to,0
_MarOch,0
reingart,0
PNUDPARAGUAY,0
JavierIbanyez,0
configuroweb,0
Jimmy17088546,0
Reclunautas1,0
prazapublica,0
HopeandTech,0
america_soc,0
xuxoramos,0
MagdaDavilaM,0
natayadev,0
MonHigo,0
sg4women,0
carolinadecala,0
iguanagalactica,0
brennuet,0
monicaps_98,0
aime_fl,0
viri_glezmo,0
Lilianatropical,0
lourdesadriana,0
nellalela,0
sharygglez,0
ramgs,0
wuale_alvarez,0
dpl_news,0
Bichus13,0
PitPolicy,0
la_de_rh,0
ople_Ver,0
lunarojamex,0
LauraMiaDaphne,0
AnaGaValdiviezo,0
ARGOSZARAGOZA,0
EvaAlonso2102,0
pciudadano,0
Info_Activismo,0
